#include "font_zh16.h"
const FontZh16Glyph g_font_zh16[] = {
  {0x3001,{0x00,0x00,0x00,0x00,0x00,0x00,0x00,0x00,0x00,0x00,0x00,0x00,0x00,0x00,0x00,0x00,0x10,0x00,0x08,0x00,0x0C,0x00,0x04,0x00,0x00,0x00,0x00,0x00,0x00,0x00,0x00,0x00}},
  {0x3002,{0x00,0x00,0x00,0x00,0x00,0x00,0x00,0x00,0x00,0x00,0x00,0x00,0x00,0x00,0x0C,0x00,0x12,0x00,0x12,0x00,0x0C,0x00,0x00,0x00,0x00,0x00,0x00,0x00,0x00,0x00,0x00,0x00}},
  {0x3011,{0x1F,0x00,0x0F,0x00,0x0F,0x00,0x07,0x00,0x07,0x00,0x07,0x00,0x07,0x00,0x07,0x00,0x0F,0x00,0x0F,0x00,0x1F,0x00,0x3F,0x00,0x00,0x00,0x00,0x00,0x00,0x00,0x00,0x00}},
  {0x4E00,{0x00,0x00,0x00,0x00,0x00,0x00,0x00,0x00,0x00,0x00,0x7F,0xFC,0x00,0x00,0x00,0x00,0x00,0x00,0x00,0x00,0x00,0x00,0x00,0x00,0x00,0x00,0x00,0x00,0x00,0x00,0x00,0x00}},
  {0x4E09,{0x3F,0xF8,0x00,0x00,0x00,0x00,0x00,0x00,0x00,0x00,0x00,0x00,0x1F,0xF0,0x00,0x00,0x00,0x00,0x00,0x00,0x00,0x00,0x00,0x00,0x7F,0xFC,0x00,0x00,0x00,0x00,0x00,0x00}},
  {0x4E0A,{0x01,0x00,0x01,0x00,0x01,0x00,0x01,0x00,0x01,0xF8,0x01,0x00,0x01,0x00,0x01,0x00,0x01,0x00,0x01,0x00,0x01,0x00,0x01,0x00,0x7F,0xFC,0x00,0x00,0x00,0x00,0x00,0x00}},
  {0x4E0B,{0x7F,0xFC,0x02,0x00,0x02,0x00,0x02,0x00,0x02,0x40,0x02,0x20,0x02,0x10,0x02,0x10,0x02,0x00,0x02,0x00,0x02,0x00,0x02,0x00,0x02,0x00,0x00,0x00,0x00,0x00,0x00,0x00}},
  {0x4E0D,{0x7F,0xFC,0x00,0x80,0x00,0x80,0x01,0x00,0x03,0x00,0x05,0x20,0x09,0x10,0x11,0x08,0x21,0x04,0x41,0x04,0x01,0x00,0x01,0x00,0x01,0x00,0x00,0x00,0x00,0x00,0x00,0x00}},
  {0x4E0E,{0x08,0x00,0x0F,0xFC,0x08,0x00,0x08,0x00,0x10,0x00,0x1F,0xFC,0x00,0x04,0x00,0x04,0x7F,0xF4,0x00,0x04,0x00,0x04,0x00,0x04,0x00,0x18,0x00,0x00,0x00,0x00,0x00,0x00}},
  {0x4E14,{0x1F,0xF0,0x10,0x10,0x10,0x10,0x10,0x10,0x1F,0xF0,0x10,0x10,0x10,0x10,0x10,0x10,0x1F,0xF0,0x10,0x10,0x10,0x10,0x10,0x10,0x7F,0xFC,0x00,0x00,0x00,0x00,0x00,0x00}},
  {0x4E1A,{0x04,0x40,0x04,0x40,0x44,0x48,0x24,0x48,0x24,0x48,0x14,0x50,0x14,0x50,0x14,0x60,0x04,0x40,0x04,0x40,0x04,0x40,0x04,0x40,0x7F,0xFC,0x00,0x00,0x00,0x00,0x00,0x00}},
  {0x4E1D,{0x10,0x20,0x20,0x40,0x22,0x44,0x42,0x84,0x7C,0xF8,0x04,0x10,0x08,0x20,0x10,0x40,0x20,0x80,0x7E,0xFC,0x00,0x00,0x00,0x00,0x7F,0xFC,0x00,0x00,0x00,0x00,0x00,0x00}},
  {0x4E22,{0x3F,0x80,0x01,0x00,0x01,0x00,0x3F,0xF8,0x01,0x00,0x01,0x00,0x01,0x00,0x7F,0xFC,0x04,0x00,0x08,0x20,0x10,0x10,0x3F,0xF8,0x00,0x08,0x00,0x00,0x00,0x00,0x00,0x00}},
  {0x4E24,{0x7F,0xFC,0x04,0x40,0x04,0x40,0x3F,0xF8,0x24,0x48,0x24,0x48,0x24,0x48,0x2A,0xA8,0x31,0x18,0x22,0x08,0x20,0x08,0x20,0x08,0x20,0x38,0x00,0x00,0x00,0x00,0x00,0x00}},
  {0x4E25,{0x02,0x40,0x12,0x48,0x0A,0x48,0x0A,0x50,0x02,0x40,0x1F,0xFC,0x10,0x00,0x10,0x00,0x10,0x00,0x10,0x00,0x20,0x00,0x20,0x00,0x40,0x00,0x00,0x00,0x00,0x00,0x00,0x00}},
  {0x4E2A,{0x01,0x00,0x02,0x80,0x04,0x40,0x08,0x20,0x11,0x10,0x61,0x0C,0x01,0x00,0x01,0x00,0x01,0x00,0x01,0x00,0x01,0x00,0x01,0x00,0x01,0x00,0x00,0x00,0x00,0x00,0x00,0x00}},
  {0x4E2D,{0x01,0x00,0x3F,0xF8,0x21,0x08,0x21,0x08,0x21,0x08,0x21,0x08,0x21,0x08,0x3F,0xF8,0x21,0x08,0x01,0x00,0x01,0x00,0x01,0x00,0x01,0x00,0x00,0x00,0x00,0x00,0x00,0x00}},
  {0x4E32,{0x01,0x00,0x3F,0xF8,0x21,0x08,0x21,0x08,0x3F,0xF8,0x01,0x00,0x7F,0xFC,0x41,0x04,0x41,0x04,0x7F,0xFC,0x41,0x04,0x01,0x00,0x01,0x00,0x00,0x00,0x00,0x00,0x00,0x00}},
  {0x4E34,{0x04,0x80,0x24,0xFC,0x25,0x20,0x25,0x10,0x26,0x10,0x24,0x00,0x25,0xFC,0x25,0x24,0x25,0x24,0x25,0x24,0x05,0xFC,0x05,0x04,0x04,0x00,0x00,0x00,0x00,0x00,0x00,0x00}},
  {0x4E3A,{0x12,0x00,0x0A,0x00,0x02,0x00,0x7F,0xF8,0x02,0x08,0x04,0x08,0x04,0x88,0x04,0x48,0x08,0x48,0x08,0x08,0x10,0x08,0x20,0x10,0x40,0x60,0x00,0x00,0x00,0x00,0x00,0x00}},
  {0x4E3B,{0x01,0x00,0x3F,0xF8,0x01,0x00,0x01,0x00,0x01,0x00,0x01,0x00,0x1F,0xF0,0x01,0x00,0x01,0x00,0x01,0x00,0x01,0x00,0x01,0x00,0x7F,0xFC,0x00,0x00,0x00,0x00,0x00,0x00}},
  {0x4E49,{0x11,0x10,0x11,0x10,0x08,0x20,0x08,0x20,0x04,0x40,0x04,0x40,0x02,0x80,0x01,0x00,0x02,0x80,0x04,0x40,0x08,0x20,0x10,0x10,0x60,0x0C,0x00,0x00,0x00,0x00,0x00,0x00}},
  {0x4E4B,{0x01,0x00,0x00,0x00,0x3F,0xF8,0x00,0x10,0x00,0x20,0x00,0x40,0x00,0x80,0x01,0x00,0x02,0x00,0x04,0x00,0x18,0x00,0x26,0x00,0x41,0xFC,0x00,0x00,0x00,0x00,0x00,0x00}},
  {0x4E50,{0x1F,0x80,0x10,0x00,0x11,0x00,0x21,0x00,0x21,0x00,0x3F,0xFC,0x01,0x00,0x01,0x00,0x11,0x20,0x11,0x10,0x21,0x08,0x41,0x08,0x07,0x00,0x00,0x00,0x00,0x00,0x00,0x00}},
  {0x4E5F,{0x01,0x00,0x11,0x30,0x11,0xD0,0x13,0x10,0x1D,0x10,0x71,0x10,0x11,0x10,0x11,0x10,0x11,0x30,0x11,0x04,0x10,0x04,0x10,0x04,0x0F,0xFC,0x00,0x00,0x00,0x00,0x00,0x00}},
  {0x4E8B,{0x7F,0xFC,0x01,0x00,0x1F,0xF0,0x11,0x10,0x1F,0xF0,0x01,0x00,0x1F,0xF0,0x01,0x10,0x7F,0xFC,0x01,0x10,0x1F,0xF0,0x01,0x00,0x07,0x00,0x00,0x00,0x00,0x00,0x00,0x00}},
  {0x4E8C,{0x00,0x00,0x3F,0xF8,0x00,0x00,0x00,0x00,0x00,0x00,0x00,0x00,0x00,0x00,0x00,0x00,0x00,0x00,0x00,0x00,0x00,0x00,0x7F,0xFC,0x00,0x00,0x00,0x00,0x00,0x00,0x00,0x00}},
  {0x4E8E,{0x3F,0xF8,0x01,0x00,0x01,0x00,0x01,0x00,0x01,0x00,0x7F,0xFC,0x01,0x00,0x01,0x00,0x01,0x00,0x01,0x00,0x01,0x00,0x01,0x00,0x07,0x00,0x00,0x00,0x00,0x00,0x00,0x00}},
  {0x4E92,{0x3F,0xF8,0x04,0x00,0x04,0x00,0x07,0xE0,0x08,0x20,0x08,0x20,0x10,0x20,0x10,0x20,0x1F,0xC0,0x00,0x40,0x00,0x40,0x00,0x40,0x7F,0xFC,0x00,0x00,0x00,0x00,0x00,0x00}},
  {0x4E9B,{0x04,0x40,0x24,0x48,0x27,0x50,0x24,0x60,0x24,0x44,0x27,0x44,0x78,0x3C,0x00,0x00,0x00,0x00,0x1F,0xF0,0x00,0x00,0x00,0x00,0x7F,0xFC,0x00,0x00,0x00,0x00,0x00,0x00}},
  {0x4EA4,{0x01,0x00,0x7F,0xFC,0x00,0x00,0x08,0x20,0x10,0x10,0x20,0x08,0x08,0x20,0x04,0x40,0x02,0x80,0x01,0x00,0x02,0x80,0x0C,0x60,0x70,0x1C,0x00,0x00,0x00,0x00,0x00,0x00}},
  {0x4EA7,{0x01,0x00,0x3F,0xF8,0x00,0x00,0x08,0x20,0x04,0x40,0x3F,0xFC,0x20,0x00,0x20,0x00,0x20,0x00,0x20,0x00,0x20,0x00,0x20,0x00,0x40,0x00,0x00,0x00,0x00,0x00,0x00,0x00}},
  {0x4EAE,{0x7F,0xFC,0x00,0x00,0x1F,0xF0,0x10,0x10,0x1F,0xF0,0x00,0x00,0x7F,0xFC,0x40,0x04,0x4F,0xE4,0x08,0x20,0x08,0x20,0x10,0x24,0x60,0x1C,0x00,0x00,0x00,0x00,0x00,0x00}},
  {0x4EBA,{0x01,0x00,0x01,0x00,0x01,0x00,0x01,0x00,0x01,0x00,0x02,0x80,0x02,0x80,0x02,0x80,0x04,0x40,0x04,0x40,0x08,0x20,0x10,0x10,0x60,0x0C,0x00,0x00,0x00,0x00,0x00,0x00}},
  {0x4EC5,{0x0B,0xF8,0x11,0x08,0x11,0x08,0x31,0x08,0x51,0x08,0x11,0x10,0x10,0x90,0x10,0xA0,0x10,0x40,0x10,0xA0,0x11,0x10,0x12,0x08,0x14,0x04,0x00,0x00,0x00,0x00,0x00,0x00}},
  {0x4ECD,{0x0B,0xF8,0x10,0x88,0x10,0x88,0x30,0x90,0x50,0x90,0x10,0x9C,0x10,0x84,0x10,0x84,0x10,0x84,0x11,0x04,0x11,0x04,0x12,0x04,0x14,0x38,0x00,0x00,0x00,0x00,0x00,0x00}},
  {0x4ECE,{0x08,0x40,0x08,0x40,0x08,0x40,0x08,0x40,0x08,0x40,0x08,0x40,0x14,0xA0,0x12,0xA0,0x12,0xA0,0x21,0x10,0x21,0x10,0x42,0x08,0x04,0x04,0x00,0x00,0x00,0x00,0x00,0x00}},
  {0x4ED6,{0x08,0x40,0x0A,0x48,0x12,0x58,0x12,0xE8,0x37,0x48,0x52,0x48,0x12,0x48,0x12,0x48,0x12,0x58,0x12,0x40,0x12,0x04,0x12,0x04,0x11,0xFC,0x00,0x00,0x00,0x00,0x00,0x00}},
  {0x4EE0,{0x0B,0xF8,0x08,0x40,0x10,0x40,0x10,0x40,0x30,0x40,0x57,0xFC,0x10,0x40,0x10,0x40,0x10,0x40,0x10,0x40,0x10,0x40,0x10,0x40,0x10,0x40,0x00,0x00,0x00,0x00,0x00,0x00}},
  {0x4EE3,{0x08,0x90,0x08,0x88,0x10,0x88,0x10,0x9C,0x37,0xE0,0x50,0x80,0x10,0x80,0x10,0x40,0x10,0x40,0x10,0x24,0x10,0x14,0x10,0x0C,0x10,0x04,0x00,0x00,0x00,0x00,0x00,0x00}},
  {0x4EE4,{0x02,0x80,0x04,0x40,0x08,0x20,0x12,0x10,0x61,0x0C,0x01,0x00,0x1F,0xF0,0x00,0x10,0x00,0x20,0x00,0x40,0x0E,0x80,0x01,0x80,0x00,0x60,0x00,0x00,0x00,0x00,0x00,0x00}},
  {0x4EE5,{0x44,0x20,0x42,0x20,0x42,0x20,0x40,0x20,0x40,0x20,0x40,0x20,0x40,0x20,0x48,0x40,0x50,0x50,0x60,0x88,0x41,0x08,0x06,0x04,0x18,0x04,0x00,0x00,0x00,0x00,0x00,0x00}},
  {0x4EF6,{0x0A,0x40,0x12,0x40,0x13,0xF8,0x34,0x40,0x50,0x40,0x10,0x40,0x10,0x40,0x17,0xFC,0x10,0x40,0x10,0x40,0x10,0x40,0x10,0x40,0x10,0x40,0x00,0x00,0x00,0x00,0x00,0x00}},
  {0x4F18,{0x08,0x90,0x08,0x88,0x10,0x80,0x13,0xFC,0x30,0xA0,0x50,0xA0,0x10,0xA0,0x10,0xA0,0x10,0xA0,0x11,0x20,0x11,0x24,0x12,0x24,0x14,0x1C,0x00,0x00,0x00,0x00,0x00,0x00}},
  {0x4F19,{0x08,0x40,0x08,0x48,0x12,0x48,0x12,0x48,0x32,0x50,0x54,0x40,0x10,0xA0,0x10,0xA0,0x10,0xA0,0x11,0x10,0x11,0x10,0x12,0x08,0x14,0x04,0x00,0x00,0x00,0x00,0x00,0x00}},
  {0x4F1A,{0x02,0x80,0x04,0x40,0x08,0x20,0x10,0x10,0x6F,0xEC,0x00,0x00,0x00,0x00,0x3F,0xF8,0x02,0x00,0x04,0x40,0x08,0x20,0x1F,0xF0,0x00,0x10,0x00,0x00,0x00,0x00,0x00,0x00}},
  {0x4F29,{0x08,0x40,0x08,0x40,0x13,0xFC,0x11,0x10,0x31,0x10,0x51,0x10,0x11,0x10,0x10,0xA0,0x10,0xA0,0x10,0x40,0x10,0xA0,0x11,0x10,0x16,0x0C,0x00,0x00,0x00,0x00,0x00,0x00}},
  {0x4F46,{0x0B,0xF8,0x12,0x08,0x12,0x08,0x32,0x08,0x53,0xF8,0x12,0x08,0x12,0x08,0x12,0x08,0x12,0x08,0x13,0xF8,0x10,0x00,0x10,0x00,0x17,0xFC,0x00,0x00,0x00,0x00,0x00,0x00}},
  {0x4F4D,{0x08,0x40,0x08,0x40,0x13,0xF8,0x10,0x00,0x30,0x10,0x52,0x10,0x12,0x10,0x11,0x10,0x11,0x20,0x11,0x20,0x10,0x20,0x10,0x40,0x17,0xFC,0x00,0x00,0x00,0x00,0x00,0x00}},
  {0x4F4E,{0x08,0x38,0x0B,0xE0,0x12,0x20,0x12,0x20,0x32,0x20,0x53,0xFC,0x12,0x20,0x12,0x20,0x12,0x20,0x12,0x90,0x13,0x14,0x12,0x4C,0x10,0x24,0x00,0x00,0x00,0x00,0x00,0x00}},
  {0x4F5C,{0x09,0x00,0x09,0xFC,0x12,0x80,0x12,0x80,0x34,0x80,0x50,0xF8,0x10,0x80,0x10,0x80,0x10,0x80,0x10,0xFC,0x10,0x80,0x10,0x80,0x10,0x80,0x00,0x00,0x00,0x00,0x00,0x00}},
  {0x4F79,{0x09,0xF8,0x12,0x10,0x12,0x20,0x37,0xFC,0x5A,0x00,0x12,0xF8,0x12,0x88,0x12,0x88,0x12,0x88,0x12,0xB0,0x14,0x84,0x14,0x84,0x18,0x7C,0x00,0x00,0x00,0x00,0x00,0x00}},
  {0x4F7A,{0x08,0x40,0x08,0xA0,0x11,0x10,0x12,0x08,0x34,0x04,0x53,0xF8,0x10,0x40,0x10,0x40,0x13,0xF8,0x10,0x40,0x10,0x40,0x10,0x40,0x17,0xFC,0x00,0x00,0x00,0x00,0x00,0x00}},
  {0x4F7D,{0x08,0x20,0x0A,0x20,0x11,0x7C,0x10,0x44,0x30,0x88,0x50,0x20,0x11,0x20,0x11,0x20,0x12,0x20,0x12,0x50,0x14,0x50,0x14,0x88,0x11,0x04,0x00,0x00,0x00,0x00,0x00,0x00}},
  {0x4F7F,{0x08,0x40,0x17,0xFC,0x10,0x40,0x37,0xFC,0x54,0x44,0x14,0x44,0x17,0xFC,0x12,0x40,0x11,0x40,0x10,0x80,0x11,0x40,0x12,0x30,0x14,0x0C,0x00,0x00,0x00,0x00,0x00,0x00}},
  {0x4F8B,{0x0B,0xE4,0x11,0x04,0x11,0x14,0x31,0xD4,0x52,0x54,0x12,0x54,0x12,0x54,0x15,0x54,0x10,0x94,0x10,0x84,0x11,0x04,0x12,0x04,0x14,0x1C,0x00,0x00,0x00,0x00,0x00,0x00}},
  {0x4F9B,{0x09,0x10,0x09,0x10,0x13,0xF8,0x11,0x10,0x31,0x10,0x51,0x10,0x11,0x10,0x17,0xFC,0x10,0x00,0x11,0x10,0x11,0x08,0x12,0x04,0x14,0x04,0x00,0x00,0x00,0x00,0x00,0x00}},
  {0x4F9D,{0x08,0x40,0x08,0x00,0x17,0xF8,0x10,0x80,0x30,0x80,0x51,0x48,0x13,0x50,0x15,0x20,0x19,0x20,0x11,0x10,0x11,0x48,0x11,0x84,0x11,0x00,0x00,0x00,0x00,0x00,0x00,0x00}},
  {0x4FBF,{0x0F,0xFC,0x08,0x40,0x13,0xF8,0x12,0x48,0x32,0x48,0x53,0xF8,0x12,0x48,0x12,0x48,0x13,0xF8,0x11,0x40,0x10,0x80,0x11,0x60,0x16,0x1C,0x00,0x00,0x00,0x00,0x00,0x00}},
  {0x4FCA,{0x08,0x80,0x09,0x10,0x13,0xF8,0x10,0x08,0x31,0x10,0x52,0x08,0x14,0x84,0x10,0xF0,0x11,0x10,0x12,0xA0,0x10,0x40,0x11,0xB0,0x16,0x0C,0x00,0x00,0x00,0x00,0x00,0x00}},
  {0x4FDD,{0x0B,0xF8,0x0A,0x08,0x12,0x08,0x13,0xF8,0x30,0x40,0x50,0x40,0x17,0xFC,0x10,0xE0,0x11,0x50,0x11,0x50,0x12,0x48,0x14,0x44,0x10,0x40,0x00,0x00,0x00,0x00,0x00,0x00}},
  {0x4FE1,{0x08,0x40,0x17,0xFC,0x10,0x00,0x33,0xF8,0x50,0x00,0x13,0xF8,0x10,0x00,0x13,0xF8,0x12,0x08,0x12,0x08,0x12,0x08,0x13,0xF8,0x12,0x08,0x00,0x00,0x00,0x00,0x00,0x00}},
  {0x4FF1,{0x0B,0xF8,0x0A,0x08,0x13,0xF8,0x12,0x08,0x33,0xF8,0x52,0x08,0x13,0xF8,0x12,0x08,0x17,0xFC,0x10,0x00,0x11,0x10,0x12,0x08,0x14,0x04,0x00,0x00,0x00,0x00,0x00,0x00}},
  {0x503C,{0x08,0x40,0x17,0xFC,0x10,0x40,0x33,0xF8,0x52,0x08,0x13,0xF8,0x12,0x08,0x13,0xF8,0x12,0x08,0x13,0xF8,0x12,0x08,0x12,0x08,0x17,0xFC,0x00,0x00,0x00,0x00,0x00,0x00}},
  {0x504F,{0x08,0x40,0x0B,0xF8,0x12,0x08,0x12,0x08,0x33,0xF8,0x52,0x00,0x13,0xF8,0x16,0xA8,0x16,0xA8,0x1B,0xF8,0x12,0xA8,0x12,0xA8,0x12,0x18,0x00,0x00,0x00,0x00,0x00,0x00}},
  {0x505A,{0x0A,0x40,0x12,0x40,0x17,0x7C,0x32,0x88,0x52,0x48,0x17,0x48,0x15,0x48,0x15,0x50,0x15,0x50,0x15,0x20,0x17,0x50,0x14,0x88,0x11,0x04,0x00,0x00,0x00,0x00,0x00,0x00}},
  {0x505C,{0x0F,0xFC,0x08,0x00,0x13,0xF8,0x12,0x08,0x33,0xF8,0x50,0x00,0x17,0xFC,0x14,0x04,0x13,0xF8,0x10,0x20,0x10,0x20,0x10,0x20,0x10,0xE0,0x00,0x00,0x00,0x00,0x00,0x00}},
  {0x509A,{0x12,0x20,0x10,0x20,0x2F,0xBC,0x20,0x48,0x65,0x28,0x28,0xA8,0x21,0x28,0x25,0x28,0x22,0x10,0x22,0x10,0x25,0x28,0x25,0x28,0x28,0x44,0x00,0x00,0x00,0x00,0x00,0x00}},
  {0x509B,{0x08,0x40,0x13,0xF8,0x12,0x08,0x30,0xA0,0x51,0x10,0x12,0x48,0x10,0xA0,0x11,0x10,0x13,0xF8,0x15,0x14,0x11,0x10,0x11,0xF0,0x11,0x10,0x00,0x00,0x00,0x00,0x00,0x00}},
  {0x50A8,{0x0C,0x24,0x0A,0x74,0x12,0x28,0x10,0xFC,0x36,0x20,0x52,0x78,0x12,0xC8,0x13,0x48,0x12,0x78,0x12,0x48,0x13,0x48,0x12,0x78,0x10,0x48,0x00,0x00,0x00,0x00,0x00,0x00}},
  {0x5143,{0x1F,0xF0,0x00,0x00,0x00,0x00,0x00,0x00,0x7F,0xFC,0x04,0x40,0x04,0x40,0x04,0x40,0x08,0x40,0x08,0x40,0x10,0x44,0x20,0x44,0x40,0x3C,0x00,0x00,0x00,0x00,0x00,0x00}},
  {0x5148,{0x09,0x00,0x09,0x00,0x1F,0xF0,0x21,0x00,0x01,0x00,0x01,0x00,0x7F,0xFC,0x04,0x40,0x04,0x40,0x04,0x40,0x08,0x44,0x10,0x44,0x60,0x3C,0x00,0x00,0x00,0x00,0x00,0x00}},
  {0x5149,{0x21,0x08,0x11,0x10,0x09,0x20,0x01,0x00,0x7F,0xFC,0x04,0x40,0x04,0x40,0x04,0x40,0x04,0x40,0x08,0x40,0x08,0x44,0x10,0x44,0x20,0x3C,0x00,0x00,0x00,0x00,0x00,0x00}},
  {0x514D,{0x08,0x00,0x1F,0xE0,0x20,0x20,0x40,0x40,0x3F,0xF8,0x21,0x08,0x21,0x08,0x3F,0xF8,0x02,0x80,0x04,0x80,0x08,0x84,0x10,0x84,0x60,0x7C,0x00,0x00,0x00,0x00,0x00,0x00}},
  {0x515A,{0x11,0x10,0x09,0x20,0x7F,0xFC,0x40,0x04,0x0F,0xE0,0x08,0x20,0x08,0x20,0x0F,0xE0,0x04,0x40,0x04,0x40,0x08,0x44,0x10,0x44,0x60,0x3C,0x00,0x00,0x00,0x00,0x00,0x00}},
  {0x5165,{0x02,0x00,0x02,0x00,0x01,0x00,0x01,0x00,0x02,0x80,0x02,0x80,0x04,0x40,0x04,0x40,0x08,0x20,0x08,0x20,0x10,0x10,0x20,0x08,0x40,0x04,0x00,0x00,0x00,0x00,0x00,0x00}},
  {0x5168,{0x01,0x00,0x02,0x80,0x04,0x40,0x08,0x20,0x10,0x10,0x6F,0xEC,0x01,0x00,0x01,0x00,0x0F,0xE0,0x01,0x00,0x01,0x00,0x01,0x00,0x7F,0xFC,0x00,0x00,0x00,0x00,0x00,0x00}},
  {0x5171,{0x08,0x20,0x08,0x20,0x3F,0xF8,0x08,0x20,0x08,0x20,0x08,0x20,0x08,0x20,0x7F,0xFC,0x00,0x00,0x08,0x20,0x10,0x10,0x20,0x08,0x40,0x04,0x00,0x00,0x00,0x00,0x00,0x00}},
  {0x5173,{0x04,0x20,0x04,0x40,0x3F,0xF8,0x01,0x00,0x01,0x00,0x01,0x00,0x7F,0xFC,0x02,0x80,0x02,0x80,0x04,0x40,0x08,0x20,0x10,0x10,0x60,0x0C,0x00,0x00,0x00,0x00,0x00,0x00}},
  {0x5176,{0x08,0x20,0x3F,0xF8,0x08,0x20,0x08,0x20,0x0F,0xE0,0x08,0x20,0x0F,0xE0,0x08,0x20,0x08,0x20,0x7F,0xFC,0x08,0x20,0x10,0x10,0x20,0x08,0x00,0x00,0x00,0x00,0x00,0x00}},
  {0x5177,{0x10,0x10,0x1F,0xF0,0x10,0x10,0x1F,0xF0,0x10,0x10,0x1F,0xF0,0x10,0x10,0x10,0x10,0x7F,0xFC,0x00,0x00,0x08,0x20,0x10,0x10,0x20,0x08,0x00,0x00,0x00,0x00,0x00,0x00}},
  {0x5185,{0x01,0x00,0x01,0x00,0x3F,0xFC,0x21,0x04,0x21,0x04,0x22,0x84,0x24,0x44,0x28,0x24,0x30,0x14,0x20,0x04,0x20,0x04,0x20,0x04,0x20,0x1C,0x00,0x00,0x00,0x00,0x00,0x00}},
  {0x518D,{0x01,0x00,0x01,0x00,0x3F,0xF8,0x21,0x08,0x21,0x08,0x3F,0xF8,0x21,0x08,0x21,0x08,0x7F,0xFC,0x20,0x08,0x20,0x08,0x20,0x08,0x20,0x38,0x00,0x00,0x00,0x00,0x00,0x00}},
  {0x5199,{0x7F,0xFC,0x40,0x04,0x08,0x00,0x0F,0xF0,0x08,0x00,0x10,0x00,0x1F,0xF8,0x00,0x08,0x00,0x08,0x7F,0xE8,0x00,0x08,0x00,0x08,0x00,0x30,0x00,0x00,0x00,0x00,0x00,0x00}},
  {0x51B2,{0x20,0x40,0x10,0x40,0x17,0xFC,0x04,0x44,0x04,0x44,0x04,0x44,0x14,0x44,0x17,0xFC,0x24,0x44,0x20,0x40,0x40,0x40,0x40,0x40,0x00,0x40,0x00,0x00,0x00,0x00,0x00,0x00}},
  {0x51C6,{0x21,0x10,0x12,0x00,0x13,0xFC,0x06,0x20,0x0A,0x20,0x03,0xF8,0x12,0x20,0x12,0x20,0x23,0xF8,0x22,0x20,0x42,0x20,0x43,0xFC,0x02,0x00,0x00,0x00,0x00,0x00,0x00,0x00}},
  {0x51CF,{0x20,0x10,0x17,0xFC,0x14,0x10,0x04,0x10,0x05,0xD0,0x04,0x14,0x15,0xD4,0x15,0x58,0x25,0x58,0x25,0xD4,0x44,0x34,0x44,0x4C,0x08,0x84,0x00,0x00,0x00,0x00,0x00,0x00}},
  {0x51E1,{0x08,0x20,0x08,0x20,0x08,0x20,0x08,0x20,0x0A,0x20,0x09,0x20,0x09,0x20,0x08,0x20,0x08,0x20,0x10,0x20,0x10,0x24,0x20,0x24,0x40,0x1C,0x00,0x00,0x00,0x00,0x00,0x00}},
  {0x51F1,{0x4A,0xF0,0x4A,0x90,0x7E,0x90,0x00,0x90,0x7E,0x90,0x00,0x90,0x7E,0x90,0x42,0x90,0x7E,0x90,0x22,0x90,0x14,0x94,0x0E,0x94,0x71,0x0C,0x00,0x00,0x00,0x00,0x00,0x00}},
  {0x51FA,{0x21,0x08,0x21,0x08,0x21,0x08,0x21,0x08,0x3F,0xF8,0x01,0x00,0x01,0x00,0x41,0x04,0x41,0x04,0x41,0x04,0x41,0x04,0x7F,0xFC,0x00,0x04,0x00,0x00,0x00,0x00,0x00,0x00}},
  {0x51FB,{0x01,0x00,0x3F,0xF8,0x01,0x00,0x01,0x00,0x01,0x00,0x7F,0xFC,0x01,0x00,0x01,0x00,0x21,0x08,0x21,0x08,0x21,0x08,0x21,0x08,0x3F,0xF8,0x00,0x00,0x00,0x00,0x00,0x00}},
  {0x51FD,{0x00,0x40,0x10,0x90,0x49,0x24,0x45,0x44,0x41,0x04,0x45,0x44,0x49,0x24,0x51,0x14,0x41,0x04,0x47,0x04,0x40,0x04,0x7F,0xFC,0x00,0x04,0x00,0x00,0x00,0x00,0x00,0x00}},
  {0x5206,{0x04,0x40,0x08,0x20,0x08,0x20,0x10,0x10,0x20,0x08,0x5F,0xE4,0x04,0x20,0x04,0x20,0x04,0x20,0x08,0x20,0x10,0x20,0x20,0x20,0x40,0xC0,0x00,0x00,0x00,0x00,0x00,0x00}},
  {0x5207,{0x11,0xFC,0x10,0x44,0x10,0x44,0x1E,0x44,0x70,0x44,0x10,0x44,0x10,0x44,0x12,0x44,0x14,0x84,0x18,0x84,0x11,0x04,0x02,0x04,0x04,0x18,0x00,0x00,0x00,0x00,0x00,0x00}},
  {0x5212,{0x12,0x08,0x10,0x08,0x17,0x48,0x78,0x48,0x10,0x48,0x12,0x48,0x12,0x48,0x14,0x48,0x08,0x48,0x19,0x08,0x25,0x08,0x43,0x08,0x01,0x38,0x00,0x00,0x00,0x00,0x00,0x00}},
  {0x5217,{0x3F,0x04,0x08,0x04,0x08,0x24,0x0F,0x24,0x11,0x24,0x11,0x24,0x29,0x24,0x46,0x24,0x02,0x24,0x04,0x04,0x08,0x04,0x10,0x04,0x20,0x1C,0x00,0x00,0x00,0x00,0x00,0x00}},
  {0x5219,{0x3F,0x84,0x20,0x84,0x20,0xA4,0x24,0xA4,0x24,0xA4,0x24,0xA4,0x24,0xA4,0x24,0xA4,0x24,0xA4,0x0A,0x04,0x11,0x04,0x20,0x84,0x40,0x9C,0x00,0x00,0x00,0x00,0x00,0x00}},
  {0x521D,{0x10,0x00,0x01,0xFC,0x7C,0x44,0x08,0x44,0x10,0x44,0x14,0x44,0x38,0x44,0x54,0x44,0x14,0x84,0x10,0x84,0x11,0x04,0x12,0x04,0x14,0x18,0x00,0x00,0x00,0x00,0x00,0x00}},
  {0x5229,{0x3C,0x04,0x04,0x04,0x04,0x24,0x04,0x24,0x7F,0xA4,0x0C,0x24,0x0E,0x24,0x15,0x24,0x14,0xA4,0x24,0x04,0x44,0x04,0x04,0x04,0x04,0x1C,0x00,0x00,0x00,0x00,0x00,0x00}},
  {0x522B,{0x3F,0x04,0x21,0x04,0x21,0x24,0x3F,0x24,0x08,0x24,0x08,0x24,0x7F,0xA4,0x08,0xA4,0x08,0xA4,0x10,0x84,0x10,0x84,0x20,0x84,0x43,0x1C,0x00,0x00,0x00,0x00,0x00,0x00}},
  {0x5230,{0x7F,0x08,0x08,0x08,0x12,0x48,0x21,0x48,0x7F,0x48,0x09,0x48,0x08,0x48,0x7F,0x48,0x08,0x48,0x08,0x08,0x0F,0x08,0x78,0x08,0x00,0x38,0x00,0x00,0x00,0x00,0x00,0x00}},
  {0x5236,{0x24,0x08,0x3F,0xA8,0x44,0x28,0x04,0x28,0x7F,0xA8,0x04,0x28,0x04,0x28,0x3F,0xA8,0x24,0xA8,0x24,0x88,0x24,0x88,0x25,0x88,0x04,0x38,0x00,0x00,0x00,0x00,0x00,0x00}},
  {0x5237,{0x3F,0xC4,0x20,0x44,0x20,0x54,0x3F,0xD4,0x22,0x14,0x22,0x14,0x2F,0xD4,0x2A,0x54,0x2A,0x54,0x2A,0x44,0x2A,0xC4,0x42,0x04,0x02,0x1C,0x00,0x00,0x00,0x00,0x00,0x00}},
  {0x5241,{0x1F,0x04,0x11,0x04,0x11,0x24,0x11,0x24,0x24,0xE4,0x44,0x24,0x3F,0xA4,0x04,0x24,0x0E,0x24,0x15,0x04,0x24,0x84,0x04,0x04,0x04,0x1C,0x00,0x00,0x00,0x00,0x00,0x00}},
  {0x524A,{0x24,0x84,0x15,0x04,0x04,0x24,0x3F,0xA4,0x20,0xA4,0x20,0xA4,0x3F,0xA4,0x20,0xA4,0x20,0xA4,0x3F,0x84,0x20,0x84,0x20,0x84,0x23,0x9C,0x00,0x00,0x00,0x00,0x00,0x00}},
  {0x524D,{0x08,0x20,0x7F,0xFC,0x00,0x00,0x3F,0x08,0x21,0x48,0x21,0x48,0x3F,0x48,0x21,0x48,0x21,0x48,0x3F,0x48,0x21,0x08,0x21,0x08,0x27,0x38,0x00,0x00,0x00,0x00,0x00,0x00}},
  {0x527C,{0x11,0x04,0x3F,0x84,0x11,0x24,0x2A,0xA4,0x3F,0xA4,0x0A,0x24,0x11,0x24,0x24,0xA4,0x1A,0x24,0x04,0x04,0x19,0x04,0x06,0x04,0x38,0x1C,0x00,0x00,0x00,0x00,0x00,0x00}},
  {0x529B,{0x02,0x00,0x02,0x00,0x02,0x00,0x7F,0xF8,0x02,0x08,0x04,0x08,0x04,0x08,0x04,0x08,0x08,0x08,0x08,0x08,0x10,0x08,0x20,0x10,0x40,0x60,0x00,0x00,0x00,0x00,0x00,0x00}},
  {0x529F,{0x00,0x80,0x7C,0x80,0x11,0xF8,0x10,0x88,0x10,0x88,0x10,0x88,0x10,0x88,0x10,0x88,0x1C,0x88,0x61,0x08,0x01,0x08,0x02,0x08,0x04,0x30,0x00,0x00,0x00,0x00,0x00,0x00}},
  {0x52A0,{0x08,0x00,0x08,0x00,0x7F,0x7C,0x09,0x44,0x09,0x44,0x09,0x44,0x09,0x44,0x11,0x44,0x11,0x44,0x11,0x44,0x21,0x7C,0x21,0x44,0x46,0x00,0x00,0x00,0x00,0x00,0x00,0x00}},
  {0x52A1,{0x0F,0xF0,0x18,0x20,0x24,0x40,0x03,0x80,0x0C,0x60,0x70,0x1C,0x02,0x00,0x3F,0xF0,0x02,0x10,0x04,0x10,0x08,0x10,0x10,0x10,0x20,0x60,0x00,0x00,0x00,0x00,0x00,0x00}},
  {0x52A8,{0x3C,0x40,0x00,0x40,0x01,0xFC,0x00,0x44,0x7E,0x44,0x10,0x44,0x10,0x44,0x24,0x44,0x22,0x44,0x7E,0x84,0x02,0x84,0x01,0x04,0x02,0x18,0x00,0x00,0x00,0x00,0x00,0x00}},
  {0x52EC,{0x2A,0x20,0x7F,0x20,0x08,0x7C,0x7F,0xA4,0x12,0x24,0x29,0x24,0x52,0xA4,0x3C,0x24,0x09,0x24,0x7F,0x24,0x08,0x44,0x2A,0x44,0x59,0x98,0x00,0x00,0x00,0x00,0x00,0x00}},
  {0x52ED,{0x3E,0x20,0x14,0x20,0x7F,0x7C,0x00,0x24,0x3E,0x24,0x2A,0x24,0x3E,0x24,0x2A,0x24,0x3E,0x24,0x08,0x24,0x3E,0x44,0x08,0x44,0x7F,0x98,0x00,0x00,0x00,0x00,0x00,0x00}},
  {0x52EF,{0x7F,0x20,0x00,0x20,0x7F,0x7C,0x55,0x24,0x5D,0x24,0x41,0x24,0x7F,0x24,0x22,0x24,0x3E,0x24,0x22,0x24,0x3E,0x44,0x00,0x44,0x7F,0x98,0x00,0x00,0x00,0x00,0x00,0x00}},
  {0x5305,{0x08,0x00,0x0F,0xF8,0x10,0x08,0x20,0x08,0x5F,0xC8,0x10,0x48,0x10,0x48,0x10,0x48,0x1F,0xC8,0x10,0x30,0x10,0x04,0x10,0x04,0x0F,0xFC,0x00,0x00,0x00,0x00,0x00,0x00}},
  {0x5316,{0x08,0x80,0x08,0x88,0x10,0x90,0x10,0xA0,0x30,0xC0,0x50,0x80,0x11,0x80,0x12,0x80,0x14,0x80,0x10,0x80,0x10,0x84,0x10,0x84,0x10,0x7C,0x00,0x00,0x00,0x00,0x00,0x00}},
  {0x533A,{0x20,0x00,0x20,0x10,0x28,0x10,0x24,0x20,0x22,0x20,0x21,0x40,0x20,0x80,0x21,0x40,0x22,0x20,0x24,0x10,0x28,0x10,0x20,0x00,0x3F,0xFC,0x00,0x00,0x00,0x00,0x00,0x00}},
  {0x5347,{0x38,0x20,0x08,0x20,0x08,0x20,0x08,0x20,0x08,0x20,0x7F,0xFC,0x08,0x20,0x08,0x20,0x08,0x20,0x10,0x20,0x10,0x20,0x20,0x20,0x40,0x20,0x00,0x00,0x00,0x00,0x00,0x00}},
  {0x5355,{0x04,0x40,0x1F,0xF0,0x11,0x10,0x11,0x10,0x1F,0xF0,0x11,0x10,0x11,0x10,0x1F,0xF0,0x01,0x00,0x01,0x00,0x7F,0xFC,0x01,0x00,0x01,0x00,0x00,0x00,0x00,0x00,0x00,0x00}},
  {0x5360,{0x02,0x00,0x02,0x00,0x03,0xFC,0x02,0x00,0x02,0x00,0x02,0x00,0x3F,0xF0,0x20,0x10,0x20,0x10,0x20,0x10,0x20,0x10,0x3F,0xF0,0x20,0x10,0x00,0x00,0x00,0x00,0x00,0x00}},
  {0x5361,{0x02,0x00,0x03,0xF0,0x02,0x00,0x02,0x00,0x02,0x00,0x7F,0xFC,0x02,0x00,0x02,0x80,0x02,0x40,0x02,0x20,0x02,0x10,0x02,0x00,0x02,0x00,0x00,0x00,0x00,0x00,0x00,0x00}},
  {0x5370,{0x38,0xFC,0x20,0x84,0x20,0x84,0x20,0x84,0x3E,0x84,0x20,0x84,0x20,0x84,0x20,0x84,0x26,0x84,0x38,0x9C,0x20,0x80,0x00,0x80,0x00,0x80,0x00,0x00,0x00,0x00,0x00,0x00}},
  {0x538B,{0x1F,0xFC,0x10,0x00,0x10,0x80,0x10,0x80,0x10,0x80,0x17,0xF8,0x10,0x80,0x10,0x80,0x10,0x90,0x10,0x88,0x20,0x88,0x20,0x80,0x4F,0xFC,0x00,0x00,0x00,0x00,0x00,0x00}},
  {0x539B,{0x1F,0xFC,0x10,0x00,0x10,0x18,0x17,0x60,0x15,0x40,0x15,0x40,0x15,0x7C,0x15,0x50,0x15,0x50,0x17,0x50,0x20,0x50,0x20,0x90,0x41,0x10,0x00,0x00,0x00,0x00,0x00,0x00}},
  {0x539F,{0x10,0x40,0x10,0x80,0x13,0xF8,0x12,0x08,0x13,0xF8,0x12,0x08,0x13,0xF8,0x10,0x40,0x12,0x48,0x12,0x44,0x24,0x44,0x20,0x40,0x41,0xC0,0x00,0x00,0x00,0x00,0x00,0x00}},
  {0x53BB,{0x01,0x00,0x01,0x00,0x3F,0xF8,0x01,0x00,0x01,0x00,0x01,0x00,0x7F,0xFC,0x02,0x00,0x04,0x00,0x08,0x20,0x10,0x10,0x3F,0xF8,0x00,0x08,0x00,0x00,0x00,0x00,0x00,0x00}},
  {0x53C2,{0x08,0x20,0x1F,0xF0,0x02,0x10,0x7F,0xFC,0x08,0x20,0x10,0x90,0x63,0x0C,0x1C,0x40,0x00,0x80,0x07,0x10,0x38,0x60,0x03,0x80,0x7C,0x00,0x00,0x00,0x00,0x00,0x00,0x00}},
  {0x53C6,{0x3B,0xE0,0x02,0x44,0x01,0x28,0x03,0xFC,0x7A,0x44,0x10,0x40,0x13,0xFC,0x20,0x40,0x28,0xF8,0x44,0x88,0x7D,0x48,0x02,0x30,0x05,0xCC,0x00,0x00,0x00,0x00,0x00,0x00}},
  {0x53C9,{0x3F,0xF0,0x08,0x10,0x09,0x10,0x08,0x90,0x04,0xA0,0x04,0x20,0x02,0x40,0x02,0x80,0x01,0x00,0x02,0x80,0x04,0x40,0x18,0x30,0x60,0x0C,0x00,0x00,0x00,0x00,0x00,0x00}},
  {0x53CC,{0x7E,0xF8,0x02,0x88,0x02,0x88,0x22,0x88,0x14,0x88,0x14,0x50,0x08,0x50,0x08,0x20,0x14,0x20,0x14,0x50,0x24,0x90,0x21,0x08,0x42,0x04,0x00,0x00,0x00,0x00,0x00,0x00}},
  {0x53CD,{0x1F,0x80,0x10,0x00,0x10,0x00,0x1F,0xF0,0x14,0x10,0x14,0x10,0x12,0x20,0x12,0x20,0x11,0x40,0x20,0x80,0x21,0x40,0x46,0x30,0x18,0x0C,0x00,0x00,0x00,0x00,0x00,0x00}},
  {0x53D1,{0x11,0x10,0x11,0x08,0x22,0x00,0x3F,0xFC,0x02,0x00,0x04,0x00,0x07,0xF0,0x0A,0x10,0x12,0x20,0x21,0x40,0x40,0x80,0x03,0x60,0x1C,0x1C,0x00,0x00,0x00,0x00,0x00,0x00}},
  {0x53D6,{0x7E,0x00,0x25,0xF8,0x24,0x88,0x3C,0x88,0x24,0x88,0x24,0x88,0x3C,0x50,0x24,0x50,0x27,0x20,0x7C,0x20,0x04,0x50,0x04,0x88,0x05,0x04,0x00,0x00,0x00,0x00,0x00,0x00}},
  {0x53D8,{0x01,0x00,0x7F,0xFC,0x04,0x40,0x14,0x50,0x14,0x48,0x24,0x44,0x40,0x04,0x1F,0xF0,0x08,0x20,0x04,0x40,0x03,0x80,0x0C,0x60,0x70,0x1C,0x00,0x00,0x00,0x00,0x00,0x00}},
  {0x53E3,{0x00,0x00,0x3F,0xF8,0x20,0x08,0x20,0x08,0x20,0x08,0x20,0x08,0x20,0x08,0x20,0x08,0x20,0x08,0x20,0x08,0x3F,0xF8,0x20,0x08,0x00,0x00,0x00,0x00,0x00,0x00,0x00,0x00}},
  {0x53E6,{0x10,0x08,0x10,0x08,0x10,0x08,0x1F,0xF8,0x02,0x00,0x02,0x00,0x3F,0xFC,0x02,0x04,0x04,0x04,0x04,0x04,0x08,0x04,0x10,0x04,0x60,0x18,0x00,0x00,0x00,0x00,0x00,0x00}},
  {0x53EA,{0x1F,0xF8,0x10,0x08,0x10,0x08,0x10,0x08,0x10,0x08,0x10,0x08,0x1F,0xF8,0x00,0x00,0x04,0x20,0x04,0x10,0x08,0x08,0x10,0x04,0x20,0x04,0x00,0x00,0x00,0x00,0x00,0x00}},
  {0x53EF,{0x7F,0xFC,0x00,0x10,0x00,0x10,0x1F,0x90,0x10,0x90,0x10,0x90,0x10,0x90,0x10,0x90,0x1F,0x90,0x10,0x10,0x00,0x10,0x00,0x10,0x00,0x70,0x00,0x00,0x00,0x00,0x00,0x00}},
  {0x53F3,{0x02,0x00,0x02,0x00,0x7F,0xFC,0x04,0x00,0x04,0x00,0x08,0x00,0x1F,0xF0,0x28,0x10,0x48,0x10,0x08,0x10,0x08,0x10,0x0F,0xF0,0x08,0x10,0x00,0x00,0x00,0x00,0x00,0x00}},
  {0x53F7,{0x10,0x10,0x10,0x10,0x1F,0xF0,0x00,0x00,0x00,0x00,0x7F,0xFC,0x04,0x00,0x08,0x00,0x1F,0xF0,0x00,0x10,0x00,0x10,0x00,0x10,0x00,0x60,0x00,0x00,0x00,0x00,0x00,0x00}},
  {0x5403,{0x01,0x00,0x79,0xFC,0x4A,0x00,0x4C,0x00,0x48,0x00,0x49,0xF8,0x48,0x10,0x48,0x20,0x78,0x40,0x48,0x80,0x01,0x04,0x01,0x04,0x00,0xFC,0x00,0x00,0x00,0x00,0x00,0x00}},
  {0x5408,{0x02,0x80,0x04,0x40,0x18,0x30,0x60,0x0C,0x0F,0xE0,0x00,0x00,0x00,0x00,0x1F,0xF0,0x10,0x10,0x10,0x10,0x10,0x10,0x1F,0xF0,0x10,0x10,0x00,0x00,0x00,0x00,0x00,0x00}},
  {0x540C,{0x20,0x04,0x20,0x04,0x2F,0xF4,0x20,0x04,0x20,0x04,0x27,0xE4,0x24,0x24,0x24,0x24,0x24,0x24,0x27,0xE4,0x20,0x04,0x20,0x04,0x20,0x1C,0x00,0x00,0x00,0x00,0x00,0x00}},
  {0x540E,{0x1F,0xC0,0x10,0x00,0x10,0x00,0x1F,0xFC,0x10,0x00,0x10,0x00,0x17,0xF8,0x14,0x08,0x14,0x08,0x24,0x08,0x24,0x08,0x47,0xF8,0x04,0x08,0x00,0x00,0x00,0x00,0x00,0x00}},
  {0x5411,{0x04,0x00,0x3F,0xFC,0x20,0x04,0x20,0x04,0x27,0xE4,0x24,0x24,0x24,0x24,0x24,0x24,0x27,0xE4,0x20,0x04,0x20,0x04,0x20,0x04,0x20,0x1C,0x00,0x00,0x00,0x00,0x00,0x00}},
  {0x5426,{0x3F,0xF8,0x01,0x00,0x03,0x00,0x05,0x60,0x19,0x18,0x61,0x04,0x01,0x00,0x1F,0xF0,0x10,0x10,0x10,0x10,0x10,0x10,0x1F,0xF0,0x10,0x10,0x00,0x00,0x00,0x00,0x00,0x00}},
  {0x542F,{0x01,0x00,0x1F,0xF8,0x10,0x08,0x10,0x08,0x1F,0xF8,0x10,0x00,0x10,0x00,0x17,0xF8,0x14,0x08,0x24,0x08,0x24,0x08,0x47,0xF8,0x04,0x08,0x00,0x00,0x00,0x00,0x00,0x00}},
  {0x5468,{0x10,0x84,0x10,0x84,0x13,0xE4,0x10,0x84,0x10,0x84,0x17,0xF4,0x10,0x04,0x13,0xE4,0x12,0x24,0x12,0x24,0x23,0xE4,0x20,0x04,0x40,0x1C,0x00,0x00,0x00,0x00,0x00,0x00}},
  {0x546D,{0x02,0x48,0x7A,0x48,0x4A,0x48,0x4F,0xFC,0x4A,0x48,0x4A,0x48,0x4A,0x48,0x4A,0x48,0x7A,0x48,0x4A,0x78,0x02,0x00,0x02,0x00,0x03,0xFC,0x00,0x00,0x00,0x00,0x00,0x00}},
  {0x547D,{0x02,0x80,0x04,0x40,0x18,0x30,0x67,0xCC,0x00,0x00,0x00,0x00,0x3E,0xF8,0x22,0x88,0x22,0x88,0x22,0x88,0x3E,0x88,0x22,0xB8,0x00,0x80,0x00,0x00,0x00,0x00,0x00,0x00}},
  {0x548C,{0x38,0x00,0x08,0xFC,0x08,0x84,0x7E,0x84,0x08,0x84,0x18,0x84,0x1C,0x84,0x2A,0x84,0x28,0x84,0x48,0xFC,0x08,0x84,0x08,0x00,0x08,0x00,0x00,0x00,0x00,0x00,0x00,0x00}},
  {0x54CD,{0x00,0x40,0x78,0x80,0x4B,0xFC,0x4A,0x04,0x4A,0x04,0x4A,0xF4,0x4A,0x94,0x4A,0x94,0x7A,0x94,0x4A,0xF4,0x02,0x04,0x02,0x04,0x02,0x1C,0x00,0x00,0x00,0x00,0x00,0x00}},
  {0x5540,{0x03,0xFC,0x7A,0x00,0x4A,0x20,0x4A,0xF8,0x4A,0x20,0x4A,0x20,0x4B,0xFC,0x4A,0x00,0x7A,0x20,0x4A,0xF8,0x04,0x20,0x04,0x20,0x09,0xFC,0x00,0x00,0x00,0x00,0x00,0x00}},
  {0x557F,{0x01,0x10,0x7B,0xF8,0x49,0x10,0x49,0xF0,0x49,0x10,0x49,0xF0,0x49,0x10,0x4F,0xFC,0x7A,0x00,0x4A,0x90,0x03,0x08,0x02,0x00,0x03,0xF8,0x00,0x00,0x00,0x00,0x00,0x00}},
  {0x5582,{0x02,0x48,0x7A,0x48,0x4B,0xF8,0x4A,0x48,0x4A,0x48,0x4B,0xF8,0x48,0x00,0x4F,0xFC,0x7A,0x88,0x4A,0x50,0x02,0x20,0x03,0x10,0x02,0x0C,0x00,0x00,0x00,0x00,0x00,0x00}},
  {0x55D7,{0x01,0x08,0x79,0xE8,0x49,0x28,0x4B,0xFC,0x4A,0x04,0x49,0xF8,0x49,0x08,0x49,0xF8,0x79,0x08,0x49,0xF8,0x01,0x08,0x01,0x08,0x01,0x38,0x00,0x00,0x00,0x00,0x00,0x00}},
  {0x55D8,{0x03,0xC0,0x7A,0x88,0x49,0x50,0x48,0x80,0x49,0x10,0x4B,0xE0,0x48,0x90,0x4B,0xF8,0x78,0x40,0x4B,0xF8,0x00,0xA0,0x01,0x10,0x02,0x0C,0x00,0x00,0x00,0x00,0x00,0x00}},
  {0x55DA,{0x00,0x80,0x79,0xF8,0x49,0x08,0x49,0xF8,0x49,0x00,0x49,0xFC,0x49,0x00,0x49,0xFC,0x78,0x04,0x49,0x54,0x02,0xAC,0x00,0x04,0x00,0x18,0x00,0x00,0x00,0x00,0x00,0x00}},
  {0x5668,{0x22,0x88,0x22,0x88,0x3E,0xF8,0x00,0x20,0x01,0x10,0x7F,0xFC,0x04,0x40,0x18,0x30,0x60,0x0C,0x3E,0xF8,0x22,0x88,0x22,0x88,0x3E,0xF8,0x00,0x00,0x00,0x00,0x00,0x00}},
  {0x567A,{0x01,0x0C,0x77,0xB0,0x52,0xA0,0x51,0x20,0x57,0xE0,0x51,0x3C,0x51,0x28,0x57,0xE8,0x71,0x28,0x55,0xA8,0x05,0x68,0x09,0x28,0x03,0x48,0x00,0x00,0x00,0x00,0x00,0x00}},
  {0x568E,{0x07,0xFC,0x78,0x00,0x49,0xF0,0x49,0x10,0x4F,0xFC,0x4C,0x04,0x4B,0xF8,0x48,0x80,0x7B,0x48,0x48,0xB0,0x03,0x68,0x00,0xA4,0x03,0x60,0x00,0x00,0x00,0x00,0x00,0x00}},
  {0x56A6,{0x07,0xFC,0x74,0x44,0x55,0x98,0x54,0x88,0x57,0xDC,0x54,0x88,0x55,0xDC,0x56,0xA8,0x74,0x88,0x55,0x20,0x05,0x3C,0x09,0x20,0x07,0xFC,0x00,0x00,0x00,0x00,0x00,0x00}},
  {0x56DB,{0x3F,0xFC,0x22,0x44,0x22,0x44,0x22,0x44,0x22,0x44,0x22,0x44,0x22,0x44,0x22,0x44,0x24,0x3C,0x28,0x04,0x20,0x04,0x3F,0xFC,0x20,0x04,0x00,0x00,0x00,0x00,0x00,0x00}},
  {0x56DE,{0x3F,0xFC,0x20,0x04,0x20,0x04,0x27,0xE4,0x24,0x24,0x24,0x24,0x24,0x24,0x24,0x24,0x27,0xE4,0x20,0x04,0x20,0x04,0x3F,0xFC,0x20,0x04,0x00,0x00,0x00,0x00,0x00,0x00}},
  {0x56E0,{0x20,0x04,0x21,0x04,0x21,0x04,0x2F,0xF4,0x21,0x04,0x21,0x04,0x22,0x84,0x22,0x44,0x24,0x24,0x28,0x24,0x20,0x04,0x3F,0xFC,0x20,0x04,0x00,0x00,0x00,0x00,0x00,0x00}},
  {0x56E6,{0x20,0x04,0x20,0x84,0x20,0x94,0x2E,0xA4,0x22,0xC4,0x24,0xA4,0x24,0xA4,0x28,0x94,0x30,0x94,0x23,0x84,0x20,0x04,0x3F,0xFC,0x20,0x04,0x00,0x00,0x00,0x00,0x00,0x00}},
  {0x56E7,{0x20,0x04,0x22,0x04,0x22,0x44,0x24,0x24,0x28,0x14,0x30,0x14,0x27,0xC4,0x24,0x44,0x24,0x44,0x24,0x44,0x24,0x44,0x3F,0xFC,0x20,0x04,0x00,0x00,0x00,0x00,0x00,0x00}},
  {0x56E8,{0x20,0x04,0x20,0x04,0x2F,0xF4,0x20,0x84,0x21,0x04,0x23,0x44,0x25,0x24,0x29,0x14,0x31,0x14,0x21,0x04,0x21,0x04,0x3F,0xFC,0x20,0x04,0x00,0x00,0x00,0x00,0x00,0x00}},
  {0x56EC,{0x24,0x24,0x24,0x24,0x24,0x24,0x24,0x24,0x27,0xE4,0x24,0x24,0x24,0x24,0x27,0xE4,0x24,0x24,0x24,0x24,0x24,0x24,0x3F,0xFC,0x20,0x04,0x00,0x00,0x00,0x00,0x00,0x00}},
  {0x56F4,{0x21,0x04,0x21,0x04,0x2F,0xF4,0x21,0x04,0x27,0xE4,0x21,0x04,0x2F,0xF4,0x21,0x14,0x21,0x14,0x21,0x64,0x21,0x04,0x3F,0xFC,0x20,0x04,0x00,0x00,0x00,0x00,0x00,0x00}},
  {0x56FA,{0x21,0x04,0x21,0x04,0x2F,0xF4,0x21,0x04,0x21,0x04,0x2F,0xE4,0x28,0x24,0x28,0x24,0x2F,0xE4,0x20,0x04,0x20,0x04,0x3F,0xFC,0x20,0x04,0x00,0x00,0x00,0x00,0x00,0x00}},
  {0x56FE,{0x20,0x04,0x22,0x04,0x23,0xE4,0x24,0x24,0x2A,0x44,0x21,0x84,0x26,0x64,0x39,0x9C,0x20,0x44,0x26,0x04,0x21,0x84,0x20,0x44,0x3F,0xFC,0x00,0x00,0x00,0x00,0x00,0x00}},
  {0x5714,{0x21,0x04,0x2F,0xE4,0x21,0x04,0x2F,0xF4,0x24,0x44,0x2F,0xE4,0x20,0x04,0x2F,0xE4,0x2A,0xA4,0x3F,0xF4,0x20,0x04,0x3F,0xFC,0x20,0x04,0x00,0x00,0x00,0x00,0x00,0x00}},
  {0x5728,{0x02,0x00,0x7F,0xFC,0x04,0x00,0x08,0x40,0x08,0x40,0x18,0x40,0x2B,0xF8,0x48,0x40,0x08,0x40,0x08,0x40,0x08,0x40,0x0F,0xFC,0x08,0x00,0x00,0x00,0x00,0x00,0x00,0x00}},
  {0x572D,{0x01,0x00,0x1F,0xF0,0x01,0x00,0x01,0x00,0x7F,0xFC,0x00,0x00,0x01,0x00,0x01,0x00,0x3F,0xF8,0x01,0x00,0x01,0x00,0x01,0x00,0x7F,0xFC,0x00,0x00,0x00,0x00,0x00,0x00}},
  {0x5730,{0x10,0x40,0x12,0x48,0x12,0x58,0x7A,0xE8,0x17,0x48,0x12,0x48,0x12,0x48,0x12,0x48,0x12,0x58,0x1A,0x40,0x62,0x04,0x02,0x04,0x01,0xFC,0x00,0x00,0x00,0x00,0x00,0x00}},
  {0x573A,{0x10,0x10,0x10,0x60,0x10,0x80,0x7D,0x00,0x13,0xFC,0x10,0x94,0x11,0x14,0x11,0x24,0x12,0x24,0x1C,0x44,0x70,0x84,0x01,0x04,0x02,0x18,0x00,0x00,0x00,0x00,0x00,0x00}},
  {0x5740,{0x10,0x20,0x10,0x20,0x10,0x20,0x7D,0x20,0x11,0x3C,0x11,0x20,0x11,0x20,0x11,0x20,0x11,0x20,0x1D,0x20,0x71,0x20,0x01,0x20,0x07,0xFC,0x00,0x00,0x00,0x00,0x00,0x00}},
  {0x5744,{0x11,0xF0,0x11,0x10,0x11,0x10,0x7D,0x10,0x12,0x0C,0x14,0x00,0x13,0xF8,0x11,0x08,0x11,0x10,0x1C,0xA0,0x70,0x40,0x01,0xB0,0x06,0x0C,0x00,0x00,0x00,0x00,0x00,0x00}},
  {0x5747,{0x10,0x80,0x10,0xFC,0x11,0x04,0x7A,0x04,0x10,0x84,0x10,0x44,0x10,0x14,0x10,0x24,0x10,0x44,0x19,0x84,0x60,0x04,0x00,0x04,0x00,0x18,0x00,0x00,0x00,0x00,0x00,0x00}},
  {0x574F,{0x13,0xFC,0x10,0x20,0x10,0x20,0x7C,0x40,0x10,0x40,0x10,0xD0,0x11,0x48,0x12,0x44,0x10,0x44,0x1C,0x40,0x70,0x40,0x00,0x40,0x00,0x40,0x00,0x00,0x00,0x00,0x00,0x00}},
  {0x5757,{0x10,0x80,0x13,0xF8,0x10,0x88,0x7C,0x88,0x10,0x88,0x10,0x88,0x17,0xFC,0x10,0xA0,0x1C,0xA0,0x71,0x10,0x01,0x10,0x02,0x08,0x04,0x04,0x00,0x00,0x00,0x00,0x00,0x00}},
  {0x578B,{0x3F,0x48,0x12,0x48,0x12,0x48,0x7F,0xC8,0x12,0x48,0x12,0x08,0x22,0x08,0x41,0x38,0x01,0x00,0x3F,0xF8,0x01,0x00,0x01,0x00,0x7F,0xFC,0x00,0x00,0x00,0x00,0x00,0x00}},
  {0x579A,{0x01,0x00,0x1F,0xF0,0x01,0x00,0x01,0x00,0x7F,0xFC,0x00,0x00,0x08,0x20,0x08,0x20,0x3E,0xF8,0x08,0x20,0x08,0x20,0x0E,0x20,0x71,0xFC,0x00,0x00,0x00,0x00,0x00,0x00}},
  {0x579D,{0x10,0xF8,0x11,0x08,0x12,0x10,0x7D,0xFC,0x11,0x00,0x11,0x78,0x11,0x48,0x11,0x48,0x1D,0x48,0x71,0x58,0x01,0x44,0x02,0x44,0x04,0x3C,0x00,0x00,0x00,0x00,0x00,0x00}},
  {0x57AA,{0x10,0x90,0x10,0x00,0x11,0xF8,0x7C,0x90,0x10,0x90,0x10,0x90,0x13,0xFC,0x10,0x90,0x10,0x90,0x1C,0x90,0x70,0x90,0x01,0x10,0x02,0x10,0x00,0x00,0x00,0x00,0x00,0x00}},
  {0x57AE,{0x10,0x40,0x13,0xFC,0x11,0x10,0x7A,0x08,0x15,0xF4,0x10,0x00,0x17,0xFC,0x11,0x00,0x11,0xF8,0x18,0x08,0x60,0x08,0x00,0x08,0x00,0x30,0x00,0x00,0x00,0x00,0x00,0x00}},
  {0x57C4,{0x10,0xF0,0x11,0x10,0x12,0xA0,0x78,0x40,0x11,0xB0,0x16,0x4C,0x11,0xF0,0x10,0x40,0x11,0xF0,0x18,0x40,0x63,0xF8,0x00,0x40,0x00,0x40,0x00,0x00,0x00,0x00,0x00,0x00}},
  {0x57CC,{0x10,0x40,0x13,0xF8,0x12,0x08,0x7A,0x08,0x13,0xF8,0x12,0x08,0x12,0x08,0x13,0xF8,0x12,0x44,0x1A,0x28,0x62,0x90,0x03,0x08,0x02,0x04,0x00,0x00,0x00,0x00,0x00,0x00}},
  {0x57DF,{0x10,0x28,0x10,0x24,0x13,0xFC,0x78,0x20,0x13,0xA4,0x12,0xA4,0x12,0xA4,0x13,0xA8,0x10,0x28,0x18,0x94,0x63,0x34,0x00,0x4C,0x00,0x84,0x00,0x00,0x00,0x00,0x00,0x00}},
  {0x57FA,{0x3F,0xF8,0x08,0x20,0x0F,0xE0,0x08,0x20,0x0F,0xE0,0x08,0x20,0x7F,0xFC,0x10,0x10,0x21,0x08,0x4F,0xE4,0x01,0x00,0x01,0x00,0x7F,0xFC,0x00,0x00,0x00,0x00,0x00,0x00}},
  {0x5806,{0x10,0x90,0x11,0x00,0x11,0xFC,0x7B,0x20,0x15,0x20,0x11,0xF8,0x11,0x20,0x11,0x20,0x11,0xF8,0x19,0x20,0x61,0x20,0x01,0xFC,0x01,0x00,0x00,0x00,0x00,0x00,0x00,0x00}},
  {0x5815,{0x3D,0xFC,0x24,0x80,0x28,0xF8,0x29,0x88,0x26,0xF8,0x24,0x88,0x38,0xF8,0x20,0x88,0x20,0x98,0x01,0x00,0x3F,0xF8,0x01,0x00,0x7F,0xFC,0x00,0x00,0x00,0x00,0x00,0x00}},
  {0x581B,{0x13,0xF8,0x10,0x00,0x11,0xF0,0x79,0x10,0x11,0x10,0x11,0xF0,0x10,0x00,0x13,0xF8,0x12,0x48,0x1B,0xF8,0x62,0x48,0x03,0xF8,0x02,0x08,0x00,0x00,0x00,0x00,0x00,0x00}},
  {0x581C,{0x10,0x40,0x17,0xFC,0x10,0x40,0x7B,0xF8,0x12,0x48,0x13,0x58,0x12,0x48,0x13,0xF8,0x10,0xE0,0x19,0x50,0x62,0x48,0x04,0x44,0x00,0x40,0x00,0x00,0x00,0x00,0x00,0x00}},
  {0x581D,{0x11,0xF8,0x11,0x08,0x11,0xE8,0x79,0x28,0x11,0x28,0x13,0xFC,0x12,0x04,0x12,0xF4,0x12,0x94,0x1A,0x94,0x62,0xF4,0x02,0x04,0x02,0x1C,0x00,0x00,0x00,0x00,0x00,0x00}},
  {0x581F,{0x10,0xF0,0x11,0x10,0x11,0xE0,0x78,0x20,0x17,0xFC,0x10,0x80,0x11,0x44,0x12,0xA8,0x19,0x70,0x62,0xA8,0x01,0x28,0x02,0x24,0x00,0xC0,0x00,0x00,0x00,0x00,0x00,0x00}},
  {0x5822,{0x11,0xF8,0x12,0x88,0x12,0x88,0x7E,0xF8,0x12,0x20,0x12,0x20,0x13,0xFC,0x12,0x20,0x12,0x70,0x1A,0xA8,0x63,0x24,0x02,0x20,0x02,0x20,0x00,0x00,0x00,0x00,0x00,0x00}},
  {0x5823,{0x13,0xF8,0x12,0x48,0x13,0xF8,0x7A,0x48,0x13,0xF8,0x10,0x40,0x17,0xFC,0x14,0x44,0x14,0x54,0x1D,0xF4,0x64,0x04,0x04,0x04,0x04,0x1C,0x00,0x00,0x00,0x00,0x00,0x00}},
  {0x585E,{0x7F,0xFC,0x44,0x44,0x1F,0xF0,0x04,0x40,0x1F,0xF0,0x04,0x40,0x7F,0xFC,0x08,0x20,0x11,0x10,0x6F,0xEC,0x01,0x00,0x01,0x00,0x7F,0xFC,0x00,0x00,0x00,0x00,0x00,0x00}},
  {0x589E,{0x11,0x10,0x17,0xFC,0x14,0x44,0x7D,0x54,0x14,0x44,0x17,0xFC,0x10,0x00,0x13,0xF8,0x12,0x08,0x1B,0xF8,0x62,0x08,0x03,0xF8,0x02,0x08,0x00,0x00,0x00,0x00,0x00,0x00}},
  {0x58A0,{0x13,0xB8,0x12,0xA8,0x13,0xB8,0x78,0x00,0x13,0xF8,0x12,0x48,0x13,0xF8,0x12,0x48,0x13,0xF8,0x18,0x40,0x67,0xFC,0x00,0x40,0x00,0x40,0x00,0x00,0x00,0x00,0x00,0x00}},
  {0x58A6,{0x17,0xC0,0x12,0x48,0x11,0x50,0x7B,0xF8,0x11,0x50,0x12,0x48,0x14,0x04,0x13,0xF8,0x12,0x48,0x1B,0xF8,0x62,0x48,0x03,0xF8,0x02,0x08,0x00,0x00,0x00,0x00,0x00,0x00}},
  {0x58F0,{0x7F,0xFC,0x01,0x00,0x3F,0xF8,0x00,0x00,0x3F,0xF8,0x21,0x08,0x21,0x08,0x3F,0xF8,0x20,0x08,0x20,0x00,0x20,0x00,0x20,0x00,0x40,0x00,0x00,0x00,0x00,0x00,0x00,0x00}},
  {0x5904,{0x10,0x40,0x10,0x40,0x1E,0x40,0x22,0x50,0x22,0x48,0x22,0x44,0x52,0x44,0x14,0x40,0x14,0x40,0x08,0x40,0x16,0x40,0x21,0xFC,0x40,0x00,0x00,0x00,0x00,0x00,0x00,0x00}},
  {0x5907,{0x0F,0xF0,0x18,0x20,0x24,0x40,0x03,0x80,0x0C,0x60,0x70,0x1C,0x1F,0xF0,0x11,0x10,0x11,0x10,0x1F,0xF0,0x11,0x10,0x11,0x10,0x1F,0xF0,0x00,0x00,0x00,0x00,0x00,0x00}},
  {0x5909,{0x01,0x00,0x7F,0xFC,0x04,0x40,0x14,0x50,0x14,0x48,0x24,0x44,0x48,0x04,0x0F,0xE0,0x18,0x20,0x24,0x40,0x03,0x80,0x0C,0x60,0x70,0x1C,0x00,0x00,0x00,0x00,0x00,0x00}},
  {0x590B,{0x08,0x20,0x10,0x10,0x3F,0xF8,0x00,0x08,0x08,0x20,0x12,0x10,0x24,0x08,0x4F,0xE4,0x14,0x20,0x02,0x40,0x01,0x80,0x0E,0x60,0x70,0x1C,0x00,0x00,0x00,0x00,0x00,0x00}},
  {0x590D,{0x0F,0xFC,0x10,0x00,0x2F,0xF0,0x48,0x10,0x0F,0xF0,0x08,0x10,0x0F,0xF0,0x04,0x00,0x0F,0xF0,0x34,0x60,0x03,0x80,0x0C,0x60,0x70,0x1C,0x00,0x00,0x00,0x00,0x00,0x00}},
  {0x590E,{0x11,0x10,0x29,0x28,0x45,0x44,0x3F,0xF8,0x01,0x00,0x7F,0xFC,0x04,0x00,0x07,0xE0,0x08,0x20,0x14,0x40,0x23,0x80,0x0C,0x60,0x70,0x1C,0x00,0x00,0x00,0x00,0x00,0x00}},
  {0x5910,{0x20,0x40,0x7F,0xF8,0x23,0x08,0x24,0x88,0x1F,0xF0,0x14,0x90,0x12,0x50,0x1F,0xF0,0x04,0x00,0x1F,0xF0,0x68,0x20,0x07,0xC0,0x78,0x3C,0x00,0x00,0x00,0x00,0x00,0x00}},
  {0x5916,{0x10,0x40,0x10,0x40,0x1E,0x40,0x22,0x60,0x22,0x50,0x52,0x48,0x0C,0x44,0x04,0x44,0x08,0x40,0x08,0x40,0x10,0x40,0x20,0x40,0x40,0x40,0x00,0x00,0x00,0x00,0x00,0x00}},
  {0x591A,{0x04,0x00,0x0F,0xE0,0x18,0x40,0x24,0x80,0x03,0x40,0x0C,0x80,0x71,0xF8,0x02,0x10,0x0C,0x20,0x32,0x40,0x01,0x80,0x06,0x00,0x78,0x00,0x00,0x00,0x00,0x00,0x00,0x00}},
  {0x591B,{0x1F,0xF0,0x00,0x10,0x0F,0xF0,0x00,0x10,0x7F,0xFC,0x02,0x00,0x07,0xF0,0x08,0x10,0x34,0x20,0x02,0x40,0x01,0x80,0x06,0x00,0x78,0x00,0x00,0x00,0x00,0x00,0x00,0x00}},
  {0x591F,{0x10,0x3C,0x1E,0x44,0x22,0xA8,0x42,0x10,0x3A,0x60,0x2A,0xA0,0x2A,0x3C,0x2A,0x44,0x3A,0xA8,0x22,0x18,0x02,0x10,0x02,0x20,0x0C,0xC0,0x00,0x00,0x00,0x00,0x00,0x00}},
  {0x5927,{0x01,0x00,0x01,0x00,0x01,0x00,0x7F,0xFC,0x01,0x00,0x02,0x80,0x02,0x80,0x02,0x80,0x04,0x40,0x04,0x40,0x08,0x20,0x10,0x10,0x60,0x0C,0x00,0x00,0x00,0x00,0x00,0x00}},
  {0x5931,{0x09,0x00,0x09,0x00,0x0F,0xF0,0x11,0x00,0x21,0x00,0x01,0x00,0x7F,0xFC,0x02,0x80,0x02,0x80,0x04,0x40,0x08,0x20,0x10,0x10,0x60,0x0C,0x00,0x00,0x00,0x00,0x00,0x00}},
  {0x5934,{0x02,0x40,0x02,0x40,0x10,0x40,0x08,0x40,0x08,0x40,0x00,0x40,0x7F,0xFC,0x00,0x80,0x00,0xA0,0x01,0x10,0x02,0x08,0x0C,0x04,0x30,0x04,0x00,0x00,0x00,0x00,0x00,0x00}},
  {0x594F,{0x3F,0xF8,0x01,0x00,0x1F,0xF0,0x02,0x00,0x7F,0xFC,0x08,0x20,0x10,0x10,0x67,0xCC,0x01,0x00,0x1F,0xF0,0x02,0x40,0x04,0x20,0x18,0x10,0x00,0x00,0x00,0x00,0x00,0x00}},
  {0x5957,{0x7F,0xFC,0x02,0x80,0x04,0x40,0x1F,0xF0,0x68,0x0C,0x0F,0xE0,0x08,0x00,0x0F,0xE0,0x08,0x00,0x7F,0xFC,0x04,0x00,0x08,0x20,0x1F,0xF0,0x00,0x00,0x00,0x00,0x00,0x00}},
  {0x5982,{0x08,0x00,0x08,0xFC,0x7E,0x84,0x12,0x84,0x12,0x84,0x12,0x84,0x22,0x84,0x24,0x84,0x14,0x84,0x08,0x84,0x14,0xFC,0x22,0x84,0x40,0x00,0x00,0x00,0x00,0x00,0x00,0x00}},
  {0x5997,{0x10,0x20,0x10,0x50,0x7C,0x50,0x24,0x88,0x25,0x44,0x24,0x20,0x44,0x00,0x24,0xF8,0x18,0x08,0x08,0x10,0x14,0x10,0x24,0x20,0x40,0x20,0x00,0x00,0x00,0x00,0x00,0x00}},
  {0x59AB,{0x12,0x40,0x11,0x40,0x78,0x40,0x2B,0xFC,0x28,0x44,0x28,0x44,0x28,0xA4,0x48,0x94,0x28,0x94,0x11,0x04,0x29,0x04,0x2A,0x04,0x44,0x18,0x00,0x00,0x00,0x00,0x00,0x00}},
  {0x59CB,{0x10,0x40,0x10,0x80,0x7C,0x90,0x25,0x08,0x27,0xFC,0x24,0x04,0x44,0x00,0x25,0xF8,0x19,0x08,0x09,0x08,0x15,0x08,0x25,0xF8,0x41,0x08,0x00,0x00,0x00,0x00,0x00,0x00}},
  {0x59DE,{0x10,0x20,0x11,0xFC,0x7C,0x20,0x24,0x20,0x25,0xF8,0x24,0x00,0x44,0x00,0x25,0xF8,0x19,0x08,0x09,0x08,0x15,0x08,0x25,0xF8,0x41,0x08,0x00,0x00,0x00,0x00,0x00,0x00}},
  {0x59E9,{0x10,0x80,0x10,0xFC,0x7D,0x20,0x26,0x20,0x24,0xF8,0x24,0xA0,0x44,0xA0,0x24,0xA0,0x19,0xFC,0x08,0x20,0x14,0x20,0x24,0x20,0x40,0x20,0x00,0x00,0x00,0x00,0x00,0x00}},
  {0x5A34,{0x11,0x78,0x10,0x08,0x7A,0x48,0x2A,0x48,0x2B,0xF8,0x2A,0x48,0x2A,0x48,0x4A,0xE8,0x2B,0x58,0x12,0x48,0x2A,0x48,0x2A,0x08,0x42,0x38,0x00,0x00,0x00,0x00,0x00,0x00}},
  {0x5A42,{0x10,0x40,0x10,0xF8,0x7C,0x88,0x24,0xF8,0x24,0x88,0x24,0xF8,0x44,0x20,0x25,0xFC,0x19,0x24,0x09,0x24,0x15,0x24,0x25,0x2C,0x40,0x20,0x00,0x00,0x00,0x00,0x00,0x00}},
  {0x5A67,{0x13,0xF8,0x10,0x40,0x7B,0xF8,0x28,0x40,0x2F,0xFC,0x28,0x00,0x2B,0xF8,0x4A,0x08,0x2B,0xF8,0x12,0x08,0x2B,0xF8,0x2A,0x08,0x42,0x38,0x00,0x00,0x00,0x00,0x00,0x00}},
  {0x5B2D,{0x21,0x50,0x22,0x48,0x77,0xFC,0x54,0x44,0x56,0xEC,0x55,0x54,0x56,0xEC,0x54,0x44,0x26,0xEC,0x25,0x54,0x56,0xEC,0x54,0x44,0x04,0x0C,0x00,0x00,0x00,0x00,0x00,0x00}},
  {0x5B36,{0x11,0xF0,0x11,0x10,0x79,0xF0,0x29,0x10,0x2B,0xF8,0x2A,0x48,0x2B,0xF8,0x4A,0x48,0x2B,0xF8,0x10,0x00,0x2F,0xFC,0x29,0x10,0x42,0x10,0x00,0x00,0x00,0x00,0x00,0x00}},
  {0x5B57,{0x01,0x00,0x7F,0xFC,0x40,0x04,0x40,0x04,0x1F,0xE0,0x00,0x40,0x00,0x80,0x01,0x00,0x7F,0xFC,0x01,0x00,0x01,0x00,0x01,0x00,0x07,0x00,0x00,0x00,0x00,0x00,0x00,0x00}},
  {0x5B58,{0x02,0x00,0x7F,0xFC,0x04,0x00,0x08,0x00,0x09,0xF8,0x18,0x10,0x28,0x20,0x48,0x20,0x0B,0xFC,0x08,0x20,0x08,0x20,0x08,0x20,0x08,0xE0,0x00,0x00,0x00,0x00,0x00,0x00}},
  {0x5B89,{0x01,0x00,0x7F,0xFC,0x40,0x04,0x42,0x04,0x02,0x00,0x7F,0xFC,0x04,0x20,0x08,0x20,0x1E,0x40,0x01,0x80,0x02,0x60,0x0C,0x10,0x70,0x08,0x00,0x00,0x00,0x00,0x00,0x00}},
  {0x5B8C,{0x01,0x00,0x7F,0xFC,0x40,0x04,0x00,0x00,0x1F,0xF0,0x00,0x00,0x00,0x00,0x7F,0xFC,0x04,0x40,0x04,0x40,0x08,0x44,0x10,0x44,0x60,0x3C,0x00,0x00,0x00,0x00,0x00,0x00}},
  {0x5B9A,{0x01,0x00,0x7F,0xFC,0x40,0x04,0x00,0x00,0x1F,0xF0,0x01,0x00,0x01,0x00,0x11,0x00,0x11,0xF0,0x11,0x00,0x11,0x00,0x29,0x00,0x47,0xFC,0x00,0x00,0x00,0x00,0x00,0x00}},
  {0x5B9E,{0x01,0x00,0x7F,0xFC,0x40,0x04,0x04,0x40,0x02,0x40,0x10,0x40,0x08,0x40,0x00,0x80,0x7F,0xFC,0x01,0x40,0x02,0x20,0x0C,0x10,0x30,0x08,0x00,0x00,0x00,0x00,0x00,0x00}},
  {0x5BA0,{0x01,0x00,0x7F,0xFC,0x42,0x04,0x02,0x40,0x02,0x20,0x7F,0xFC,0x04,0x80,0x08,0x88,0x08,0x90,0x10,0xA0,0x10,0xC4,0x21,0x84,0x46,0x7C,0x00,0x00,0x00,0x00,0x00,0x00}},
  {0x5BB8,{0x01,0x00,0x7F,0xFC,0x40,0x04,0x1F,0xF0,0x10,0x00,0x17,0xE0,0x10,0x00,0x1F,0xF8,0x15,0x10,0x14,0xA0,0x24,0x40,0x25,0x30,0x46,0x0C,0x00,0x00,0x00,0x00,0x00,0x00}},
  {0x5BB9,{0x7F,0xFC,0x40,0x04,0x08,0x20,0x11,0x10,0x22,0x88,0x04,0x40,0x18,0x30,0x60,0x0C,0x1F,0xF0,0x10,0x10,0x10,0x10,0x1F,0xF0,0x10,0x10,0x00,0x00,0x00,0x00,0x00,0x00}},
  {0x5BDC,{0x01,0x00,0x7F,0xFC,0x41,0x04,0x14,0xA8,0x23,0xE4,0x00,0x00,0x3F,0xF8,0x24,0x48,0x24,0x48,0x7F,0xFC,0x01,0x00,0x01,0x00,0x07,0x00,0x00,0x00,0x00,0x00,0x00,0x00}},
  {0x5BE4,{0x01,0x00,0x7F,0xFC,0x44,0x04,0x25,0xF8,0x24,0x40,0x3D,0xF8,0x04,0x88,0x07,0xFC,0x7C,0x00,0x25,0xF8,0x25,0x08,0x45,0xF8,0x05,0x08,0x00,0x00,0x00,0x00,0x00,0x00}},
  {0x5BEE,{0x7F,0xFC,0x40,0x04,0x01,0x00,0x3F,0xF8,0x04,0x40,0x2F,0xE8,0x18,0x30,0x6F,0xEC,0x08,0x20,0x0F,0xE0,0x01,0x00,0x09,0x20,0x13,0x10,0x00,0x00,0x00,0x00,0x00,0x00}},
  {0x5BF9,{0x00,0x10,0x3E,0x10,0x02,0xFC,0x02,0x10,0x24,0x10,0x14,0x90,0x08,0x50,0x0C,0x50,0x14,0x10,0x12,0x10,0x22,0x10,0x40,0x10,0x00,0x70,0x00,0x00,0x00,0x00,0x00,0x00}},
  {0x5BFC,{0x20,0x10,0x20,0x10,0x3F,0xF0,0x20,0x04,0x20,0x04,0x1F,0xFC,0x00,0x20,0x00,0x20,0x7F,0xFC,0x08,0x20,0x04,0x20,0x04,0x20,0x00,0xE0,0x00,0x00,0x00,0x00,0x00,0x00}},
  {0x5C01,{0x08,0x10,0x3E,0x10,0x08,0xFC,0x08,0x10,0x7E,0x10,0x00,0x90,0x08,0x50,0x3E,0x50,0x08,0x10,0x08,0x10,0x0E,0x10,0x70,0x10,0x00,0x70,0x00,0x00,0x00,0x00,0x00,0x00}},
  {0x5C04,{0x10,0x10,0x3E,0x10,0x22,0xFC,0x3E,0x10,0x22,0x10,0x3E,0x90,0x22,0x50,0x7E,0x50,0x0A,0x10,0x12,0x10,0x22,0x10,0x42,0x10,0x0E,0x70,0x00,0x00,0x00,0x00,0x00,0x00}},
  {0x5C06,{0x08,0xF8,0x49,0x10,0x2A,0xA0,0x28,0x40,0x08,0x90,0x09,0x10,0x1B,0xFC,0x28,0x10,0x49,0x10,0x08,0x90,0x08,0x10,0x08,0x10,0x08,0x70,0x00,0x00,0x00,0x00,0x00,0x00}},
  {0x5C0F,{0x01,0x00,0x01,0x00,0x01,0x00,0x09,0x20,0x09,0x10,0x11,0x08,0x21,0x04,0x41,0x04,0x01,0x00,0x01,0x00,0x01,0x00,0x01,0x00,0x07,0x00,0x00,0x00,0x00,0x00,0x00,0x00}},
  {0x5C11,{0x01,0x00,0x09,0x20,0x09,0x10,0x11,0x08,0x21,0x04,0x41,0x04,0x01,0x10,0x01,0x20,0x00,0x40,0x00,0x80,0x03,0x00,0x0C,0x00,0x70,0x00,0x00,0x00,0x00,0x00,0x00,0x00}},
  {0x5C2F,{0x21,0xF0,0x22,0x10,0x7D,0xFC,0x29,0x00,0x29,0x78,0x29,0x48,0x29,0x58,0x29,0x40,0x29,0x44,0x29,0x3C,0x2A,0x00,0x28,0x04,0x47,0xFC,0x00,0x00,0x00,0x00,0x00,0x00}},
  {0x5C3E,{0x1F,0xF8,0x10,0x08,0x10,0x08,0x1F,0xF8,0x10,0x00,0x10,0xF0,0x17,0x80,0x10,0xF0,0x17,0x80,0x10,0xF8,0x2F,0x84,0x20,0x84,0x40,0x7C,0x00,0x00,0x00,0x00,0x00,0x00}},
  {0x5C40,{0x1F,0xF8,0x10,0x08,0x10,0x08,0x1F,0xF8,0x10,0x00,0x1F,0xFC,0x10,0x04,0x17,0xE4,0x14,0x24,0x14,0x24,0x27,0xE4,0x20,0x04,0x40,0x18,0x00,0x00,0x00,0x00,0x00,0x00}},
  {0x5C42,{0x20,0x08,0x20,0x08,0x3F,0xF8,0x20,0x00,0x20,0x00,0x27,0xF0,0x20,0x00,0x20,0x00,0x3F,0xFC,0x22,0x00,0x24,0x10,0x2F,0xF8,0x40,0x08,0x00,0x00,0x00,0x00,0x00,0x00}},
  {0x5C45,{0x20,0x08,0x20,0x08,0x3F,0xF8,0x20,0x80,0x20,0x80,0x3F,0xFC,0x20,0x80,0x20,0x80,0x2F,0xF8,0x28,0x08,0x28,0x08,0x2F,0xF8,0x48,0x08,0x00,0x00,0x00,0x00,0x00,0x00}},
  {0x5C4F,{0x1F,0xF8,0x10,0x08,0x1F,0xF8,0x12,0x10,0x11,0x20,0x17,0xF8,0x11,0x20,0x11,0x20,0x1F,0xFC,0x11,0x20,0x22,0x20,0x22,0x20,0x44,0x20,0x00,0x00,0x00,0x00,0x00,0x00}},
  {0x5C55,{0x20,0x08,0x3F,0xF8,0x22,0x20,0x22,0x20,0x2F,0xF8,0x22,0x20,0x22,0x20,0x3F,0xFC,0x25,0x10,0x24,0xA0,0x24,0x40,0x25,0x30,0x46,0x0C,0x00,0x00,0x00,0x00,0x00,0x00}},
  {0x5C7C,{0x11,0xFC,0x10,0x90,0x54,0x90,0x54,0x90,0x54,0x90,0x54,0x90,0x54,0x90,0x54,0x90,0x54,0x90,0x5C,0x90,0x65,0x14,0x01,0x14,0x02,0x0C,0x00,0x00,0x00,0x00,0x00,0x00}},
  {0x5C7D,{0x08,0xF8,0x08,0x20,0x2A,0x20,0x2A,0x20,0x2A,0x20,0x2B,0xFC,0x2A,0x20,0x2A,0x20,0x2A,0x20,0x2E,0x20,0x32,0x20,0x00,0x20,0x00,0x20,0x00,0x00,0x00,0x00,0x00,0x00}},
  {0x5C80,{0x21,0x08,0x21,0x08,0x21,0x08,0x21,0x08,0x3F,0xF8,0x00,0x00,0x01,0x00,0x41,0x04,0x41,0x04,0x41,0x04,0x41,0x04,0x7F,0xFC,0x00,0x04,0x00,0x00,0x00,0x00,0x00,0x00}},
  {0x5C8B,{0x13,0xF0,0x11,0x10,0x55,0x10,0x55,0x20,0x55,0x40,0x55,0x78,0x55,0x08,0x55,0x08,0x55,0x90,0x5D,0x50,0x66,0x20,0x02,0x50,0x04,0x8C,0x00,0x00,0x00,0x00,0x00,0x00}},
  {0x5CF0,{0x10,0xF8,0x11,0x08,0x56,0x90,0x54,0x60,0x55,0x9C,0x54,0x20,0x54,0xF8,0x54,0x20,0x54,0xF8,0x5C,0x20,0x65,0xFC,0x00,0x20,0x00,0x20,0x00,0x00,0x00,0x00,0x00,0x00}},
  {0x5D18,{0x10,0x50,0x10,0x88,0x55,0x04,0x56,0xF8,0x54,0x00,0x55,0xFC,0x55,0x54,0x55,0x54,0x55,0xFC,0x5D,0x54,0x65,0x54,0x01,0x44,0x01,0x1C,0x00,0x00,0x00,0x00,0x00,0x00}},
  {0x5D31,{0x21,0x08,0x3F,0xF8,0x00,0x00,0x3F,0x08,0x21,0x48,0x3F,0x48,0x21,0x48,0x3F,0x48,0x21,0x48,0x3F,0x48,0x00,0x08,0x12,0x08,0x21,0x38,0x00,0x00,0x00,0x00,0x00,0x00}},
  {0x5D32,{0x10,0x80,0x11,0xF8,0x55,0x08,0x55,0xF8,0x55,0x08,0x55,0xF8,0x54,0x00,0x55,0xF8,0x54,0x40,0x5D,0xF8,0x64,0x40,0x00,0x40,0x03,0xFC,0x00,0x00,0x00,0x00,0x00,0x00}},
  {0x5D41,{0x10,0x88,0x11,0xFC,0x54,0x88,0x54,0xF8,0x54,0x88,0x54,0xF8,0x54,0x88,0x57,0xFC,0x55,0x00,0x5D,0x48,0x65,0x84,0x01,0x00,0x01,0xFC,0x00,0x00,0x00,0x00,0x00,0x00}},
  {0x5D43,{0x11,0xFC,0x10,0x88,0x54,0x50,0x55,0xFC,0x55,0x10,0x55,0x20,0x55,0x48,0x55,0x10,0x55,0x24,0x5D,0x48,0x65,0x10,0x02,0x20,0x04,0x40,0x00,0x00,0x00,0x00,0x00,0x00}},
  {0x5D84,{0x21,0x08,0x3F,0xF8,0x08,0x00,0x3E,0x18,0x08,0xE0,0x3E,0x80,0x2A,0x80,0x3E,0xFC,0x2A,0x90,0x3E,0x90,0x08,0x90,0x7E,0x90,0x09,0x10,0x00,0x00,0x00,0x00,0x00,0x00}},
  {0x5D85,{0x3E,0x40,0x08,0x7C,0x3E,0x88,0x09,0x48,0x7E,0x50,0x10,0x20,0x1E,0x50,0x22,0x88,0x46,0x04,0x01,0x00,0x21,0x08,0x21,0x08,0x3F,0xF8,0x00,0x00,0x00,0x00,0x00,0x00}},
  {0x5D86,{0x11,0xFC,0x10,0x50,0x55,0xFC,0x55,0x54,0x55,0xFC,0x55,0x54,0x55,0xFC,0x54,0x00,0x54,0xF8,0x5C,0x88,0x64,0xF8,0x00,0x88,0x00,0xF8,0x00,0x00,0x00,0x00,0x00,0x00}},
  {0x5DE5,{0x3F,0xF8,0x01,0x00,0x01,0x00,0x01,0x00,0x01,0x00,0x01,0x00,0x01,0x00,0x01,0x00,0x01,0x00,0x01,0x00,0x01,0x00,0x7F,0xFC,0x00,0x00,0x00,0x00,0x00,0x00,0x00,0x00}},
  {0x5DE6,{0x02,0x00,0x02,0x00,0x7F,0xFC,0x04,0x00,0x04,0x00,0x08,0x00,0x0F,0xF8,0x10,0x80,0x10,0x80,0x20,0x80,0x40,0x80,0x00,0x80,0x1F,0xFC,0x00,0x00,0x00,0x00,0x00,0x00}},
  {0x5DF2,{0x3F,0xF8,0x00,0x08,0x00,0x08,0x20,0x08,0x20,0x08,0x3F,0xF8,0x20,0x00,0x20,0x00,0x20,0x00,0x20,0x00,0x20,0x04,0x20,0x04,0x1F,0xFC,0x00,0x00,0x00,0x00,0x00,0x00}},
  {0x5E03,{0x02,0x00,0x7F,0xFC,0x04,0x00,0x04,0x80,0x08,0x80,0x1F,0xF8,0x28,0x88,0x48,0x88,0x08,0x88,0x08,0x88,0x08,0xB8,0x00,0x80,0x00,0x80,0x00,0x00,0x00,0x00,0x00,0x00}},
  {0x5E26,{0x09,0x20,0x7F,0xFC,0x09,0x20,0x00,0x00,0x7F,0xFC,0x41,0x04,0x01,0x00,0x1F,0xF0,0x11,0x10,0x11,0x10,0x11,0x10,0x11,0x70,0x01,0x00,0x00,0x00,0x00,0x00,0x00,0x00}},
  {0x5E27,{0x10,0x3C,0x10,0x20,0x7C,0x20,0x55,0xFC,0x55,0x04,0x55,0x04,0x55,0x24,0x55,0x24,0x55,0x24,0x5D,0x24,0x10,0x50,0x10,0x88,0x13,0x04,0x00,0x00,0x00,0x00,0x00,0x00}},
  {0x5E34,{0x08,0x5C,0x08,0xE8,0x3E,0x50,0x2A,0x24,0x2A,0x54,0x2A,0x8C,0x2A,0x50,0x2A,0x5C,0x2A,0xE8,0x2E,0x50,0x08,0x24,0x08,0x54,0x08,0x8C,0x00,0x00,0x00,0x00,0x00,0x00}},
  {0x5E38,{0x11,0x10,0x09,0x20,0x7F,0xFC,0x40,0x04,0x0F,0xE0,0x08,0x20,0x0F,0xE0,0x01,0x00,0x3F,0xF8,0x21,0x08,0x21,0x08,0x21,0x38,0x01,0x00,0x00,0x00,0x00,0x00,0x00,0x00}},
  {0x5E47,{0x3E,0x10,0x09,0xFC,0x7E,0x90,0x08,0x50,0x3E,0x50,0x08,0x10,0x0E,0x10,0x70,0x70,0x01,0x00,0x3F,0xF8,0x21,0x08,0x21,0x38,0x01,0x00,0x00,0x00,0x00,0x00,0x00,0x00}},
  {0x5E55,{0x7F,0xFC,0x08,0x20,0x1F,0xF0,0x10,0x10,0x1F,0xF0,0x10,0x10,0x1F,0xF0,0x04,0x00,0x7F,0xFC,0x11,0x10,0x6F,0xEC,0x09,0x20,0x09,0x60,0x00,0x00,0x00,0x00,0x00,0x00}},
  {0x5E73,{0x01,0x00,0x01,0x00,0x11,0x10,0x09,0x10,0x09,0x20,0x01,0x00,0x7F,0xFC,0x01,0x00,0x01,0x00,0x01,0x00,0x01,0x00,0x01,0x00,0x01,0x00,0x00,0x00,0x00,0x00,0x00,0x00}},
  {0x5E76,{0x08,0x20,0x04,0x40,0x3F,0xF8,0x08,0x20,0x08,0x20,0x08,0x20,0x08,0x20,0x7F,0xFC,0x08,0x20,0x10,0x20,0x10,0x20,0x20,0x20,0x40,0x20,0x00,0x00,0x00,0x00,0x00,0x00}},
  {0x5E8F,{0x00,0x80,0x1F,0xFC,0x10,0x00,0x17,0xF8,0x10,0x10,0x11,0x20,0x10,0xC0,0x1F,0xFC,0x10,0x44,0x10,0x48,0x20,0x40,0x20,0x40,0x41,0xC0,0x00,0x00,0x00,0x00,0x00,0x00}},
  {0x5E93,{0x00,0x80,0x3F,0xFC,0x21,0x00,0x21,0x00,0x2F,0xFC,0x22,0x00,0x24,0x40,0x27,0xF8,0x20,0x40,0x20,0x40,0x2F,0xFC,0x20,0x40,0x40,0x40,0x00,0x00,0x00,0x00,0x00,0x00}},
  {0x5E94,{0x00,0x80,0x3F,0xFC,0x20,0x00,0x21,0x00,0x20,0x88,0x20,0x48,0x28,0x48,0x24,0x08,0x22,0x10,0x22,0x10,0x20,0x20,0x20,0x40,0x4F,0xFC,0x00,0x00,0x00,0x00,0x00,0x00}},
  {0x5E95,{0x00,0x80,0x3F,0xFC,0x20,0x00,0x20,0x38,0x2F,0xC0,0x28,0x40,0x28,0x40,0x2F,0xFC,0x28,0x40,0x28,0x20,0x2A,0x24,0x2C,0x94,0x48,0x4C,0x00,0x00,0x00,0x00,0x00,0x00}},
  {0x5E9D,{0x00,0x80,0x1F,0xFC,0x11,0x00,0x11,0xF0,0x12,0x10,0x15,0x20,0x10,0xC0,0x13,0x30,0x1C,0x0C,0x10,0xC0,0x20,0x20,0x21,0x80,0x40,0x60,0x00,0x00,0x00,0x00,0x00,0x00}},
  {0x5EA1,{0x00,0x80,0x1F,0xFC,0x10,0x80,0x10,0x40,0x17,0xF8,0x10,0x80,0x11,0x40,0x11,0x48,0x13,0x30,0x15,0x20,0x21,0x10,0x21,0x48,0x41,0x84,0x00,0x00,0x00,0x00,0x00,0x00}},
  {0x5EA2,{0x00,0x80,0x1F,0xFC,0x10,0x00,0x17,0xF8,0x11,0x00,0x12,0x10,0x17,0xF8,0x10,0x80,0x10,0x80,0x17,0xF8,0x20,0x80,0x20,0x80,0x4F,0xFC,0x00,0x00,0x00,0x00,0x00,0x00}},
  {0x5EA3,{0x00,0x80,0x1F,0xFC,0x10,0x00,0x11,0x40,0x19,0x48,0x15,0x50,0x11,0x40,0x13,0x60,0x15,0x50,0x1A,0x48,0x22,0x44,0x24,0x44,0x48,0x3C,0x00,0x00,0x00,0x00,0x00,0x00}},
  {0x5EA4,{0x00,0x80,0x1F,0xFC,0x10,0x40,0x10,0x40,0x13,0xF8,0x10,0x40,0x17,0xFC,0x10,0x10,0x1F,0xFC,0x12,0x10,0x21,0x10,0x20,0x10,0x40,0x70,0x00,0x00,0x00,0x00,0x00,0x00}},
  {0x5EA6,{0x00,0x80,0x1F,0xFC,0x12,0x10,0x1F,0xFC,0x12,0x10,0x13,0xF0,0x10,0x00,0x17,0xF8,0x12,0x10,0x11,0x20,0x20,0xC0,0x23,0x30,0x4C,0x0C,0x00,0x00,0x00,0x00,0x00,0x00}},
  {0x5EA7,{0x00,0x80,0x3F,0xFC,0x20,0x00,0x20,0x80,0x24,0x90,0x24,0x90,0x2A,0xA8,0x31,0xC4,0x20,0x80,0x2F,0xF8,0x20,0x80,0x20,0x80,0x5F,0xFC,0x00,0x00,0x00,0x00,0x00,0x00}},
  {0x5EA8,{0x00,0x80,0x1F,0xFC,0x10,0x84,0x13,0xF8,0x10,0x90,0x1F,0xFC,0x10,0x40,0x17,0xF8,0x12,0x10,0x17,0xFC,0x28,0x20,0x20,0x20,0x40,0xE0,0x00,0x00,0x00,0x00,0x00,0x00}},
  {0x5EFA,{0x00,0x40,0x7B,0xF8,0x08,0x48,0x17,0xFC,0x10,0x48,0x23,0xF8,0x38,0x40,0x0B,0xF8,0x28,0x40,0x17,0xFC,0x10,0x40,0x28,0x40,0x47,0xFC,0x00,0x00,0x00,0x00,0x00,0x00}},
  {0x5F00,{0x08,0x20,0x08,0x20,0x08,0x20,0x08,0x20,0x08,0x20,0x7F,0xFC,0x08,0x20,0x08,0x20,0x08,0x20,0x10,0x20,0x10,0x20,0x20,0x20,0x40,0x20,0x00,0x00,0x00,0x00,0x00,0x00}},
  {0x5F02,{0x20,0x10,0x20,0x10,0x3F,0xF0,0x20,0x04,0x20,0x04,0x1F,0xFC,0x00,0x00,0x08,0x20,0x08,0x20,0x7F,0xFC,0x08,0x20,0x10,0x20,0x20,0x20,0x00,0x00,0x00,0x00,0x00,0x00}},
  {0x5F03,{0x01,0x00,0x7F,0xFC,0x08,0x20,0x10,0x10,0x3F,0xF8,0x08,0x28,0x08,0x20,0x7F,0xFC,0x08,0x20,0x08,0x20,0x10,0x20,0x20,0x20,0x40,0x20,0x00,0x00,0x00,0x00,0x00,0x00}},
  {0x5F0F,{0x00,0x48,0x00,0x40,0x7F,0xFC,0x00,0x40,0x00,0x40,0x3E,0x40,0x08,0x40,0x08,0x40,0x08,0x20,0x08,0x24,0x0F,0x14,0x78,0x0C,0x00,0x04,0x00,0x00,0x00,0x00,0x00,0x00}},
  {0x5F15,{0x3F,0x88,0x00,0x88,0x00,0x88,0x3F,0x88,0x20,0x08,0x20,0x08,0x20,0x08,0x3F,0x88,0x00,0x88,0x00,0x88,0x00,0x88,0x00,0x88,0x03,0x08,0x00,0x00,0x00,0x00,0x00,0x00}},
  {0x5F39,{0x78,0xA0,0x0B,0xF8,0x0A,0x48,0x7A,0x48,0x43,0xF8,0x42,0x48,0x42,0x48,0x7B,0xF8,0x08,0x40,0x08,0x40,0x0B,0xFC,0x08,0x40,0x30,0x40,0x00,0x00,0x00,0x00,0x00,0x00}},
  {0x5F3A,{0x79,0xF0,0x09,0x10,0x09,0x10,0x79,0xF0,0x40,0x40,0x43,0xF8,0x42,0x48,0x7A,0x48,0x0B,0xF8,0x08,0x40,0x08,0x48,0x0F,0xFC,0x30,0x04,0x00,0x00,0x00,0x00,0x00,0x00}},
  {0x5F52,{0x05,0xFC,0x24,0x04,0x24,0x04,0x24,0x04,0x24,0x04,0x24,0xFC,0x24,0x04,0x24,0x04,0x04,0x04,0x08,0x04,0x08,0x04,0x11,0xFC,0x20,0x04,0x00,0x00,0x00,0x00,0x00,0x00}},
  {0x5F53,{0x21,0x08,0x11,0x10,0x09,0x20,0x7F,0xF8,0x00,0x08,0x00,0x08,0x00,0x08,0x3F,0xF8,0x00,0x08,0x00,0x08,0x00,0x08,0x7F,0xF8,0x00,0x08,0x00,0x00,0x00,0x00,0x00,0x00}},
  {0x5F55,{0x3F,0xF0,0x00,0x10,0x1F,0xF0,0x00,0x10,0x7F,0xFC,0x01,0x00,0x11,0x10,0x09,0xA0,0x05,0x40,0x09,0x20,0x11,0x10,0x61,0x0C,0x07,0x00,0x00,0x00,0x00,0x00,0x00,0x00}},
  {0x5F62,{0x3F,0x08,0x12,0x10,0x12,0x20,0x12,0x48,0x12,0x08,0x7F,0x90,0x12,0x20,0x12,0x44,0x12,0x04,0x12,0x08,0x12,0x10,0x22,0x20,0x42,0x40,0x00,0x00,0x00,0x00,0x00,0x00}},
  {0x5F69,{0x78,0x08,0x11,0x10,0x49,0x20,0x22,0x48,0x08,0x08,0x08,0x10,0x7F,0x20,0x08,0x44,0x1C,0x04,0x2A,0x08,0x49,0x10,0x08,0x20,0x08,0x40,0x00,0x00,0x00,0x00,0x00,0x00}},
  {0x5F71,{0x20,0x88,0x3F,0x90,0x20,0xA0,0x3F,0x84,0x04,0x04,0x7F,0xC8,0x00,0x10,0x3F,0xA0,0x20,0x84,0x3F,0x84,0x04,0x08,0x24,0x90,0x4C,0x60,0x00,0x00,0x00,0x00,0x00,0x00}},
  {0x5F72,{0x2A,0x84,0x3B,0x88,0x2A,0x90,0x04,0x00,0x3F,0xC0,0x2A,0x04,0x3F,0x88,0x2A,0x90,0x3F,0x80,0x29,0x44,0x2D,0x84,0x29,0x48,0x4C,0xD0,0x00,0x00,0x00,0x00,0x00,0x00}},
  {0x5F85,{0x10,0x40,0x23,0xF8,0x48,0x40,0x08,0x40,0x17,0xFC,0x30,0x10,0x50,0x10,0x17,0xFC,0x10,0x10,0x12,0x10,0x11,0x10,0x10,0x10,0x10,0x70,0x00,0x00,0x00,0x00,0x00,0x00}},
  {0x5F8B,{0x08,0x40,0x13,0xF8,0x20,0x48,0x4F,0xFC,0x08,0x48,0x13,0xF8,0x30,0x40,0x53,0xF8,0x10,0x40,0x17,0xFC,0x10,0x40,0x10,0x40,0x10,0x40,0x00,0x00,0x00,0x00,0x00,0x00}},
  {0x5F97,{0x12,0x08,0x23,0xF8,0x4A,0x08,0x0B,0xF8,0x10,0x00,0x33,0xF8,0x50,0x10,0x17,0xFC,0x10,0x10,0x12,0x10,0x11,0x10,0x10,0x10,0x10,0x70,0x00,0x00,0x00,0x00,0x00,0x00}},
  {0x5FAA,{0x0B,0xE0,0x12,0x20,0x22,0x20,0x4B,0xFC,0x0A,0x20,0x12,0xF8,0x32,0x88,0x52,0xF8,0x12,0x88,0x12,0xF8,0x12,0x88,0x12,0xF8,0x14,0x88,0x00,0x00,0x00,0x00,0x00,0x00}},
  {0x5FBD,{0x1A,0xA0,0x2F,0xA0,0x40,0x3C,0x1F,0xC8,0x12,0x28,0x24,0xA8,0x6F,0x28,0x22,0x28,0x25,0x10,0x2F,0x90,0x22,0x28,0x2B,0x28,0x36,0xC4,0x00,0x00,0x00,0x00,0x00,0x00}},
  {0x5FC3,{0x01,0x00,0x00,0x80,0x00,0x80,0x04,0x00,0x04,0x00,0x24,0x10,0x24,0x08,0x24,0x08,0x24,0x04,0x44,0x04,0x04,0x20,0x04,0x20,0x03,0xE0,0x00,0x00,0x00,0x00,0x00,0x00}},
  {0x5FC5,{0x01,0x00,0x04,0x90,0x04,0x90,0x04,0x20,0x24,0x20,0x24,0x48,0x24,0x84,0x25,0x04,0x46,0x04,0x04,0x00,0x0C,0x10,0x14,0x10,0x63,0xF0,0x00,0x00,0x00,0x00,0x00,0x00}},
  {0x5FCA,{0x0B,0xFC,0x08,0x20,0x08,0x20,0x2C,0x20,0x2A,0x20,0x28,0x20,0x48,0x20,0x08,0x20,0x08,0x20,0x08,0x20,0x08,0x20,0x08,0x20,0x08,0xE0,0x00,0x00,0x00,0x00,0x00,0x00}},
  {0x5FD7,{0x01,0x00,0x7F,0xFC,0x01,0x00,0x01,0x00,0x01,0x00,0x3F,0xF8,0x00,0x00,0x02,0x00,0x01,0x00,0x29,0x08,0x28,0x04,0x48,0x24,0x07,0xE0,0x00,0x00,0x00,0x00,0x00,0x00}},
  {0x5FEB,{0x10,0x80,0x13,0xF8,0x18,0x88,0x54,0x88,0x50,0x88,0x50,0x88,0x17,0xFC,0x10,0xA0,0x10,0xA0,0x11,0x10,0x11,0x10,0x12,0x08,0x14,0x04,0x00,0x00,0x00,0x00,0x00,0x00}},
  {0x6001,{0x01,0x00,0x7F,0xFC,0x01,0x00,0x02,0x80,0x04,0x40,0x1A,0x30,0x61,0x0C,0x00,0x00,0x01,0x00,0x08,0x88,0x28,0x84,0x28,0x24,0x47,0xE0,0x00,0x00,0x00,0x00,0x00,0x00}},
  {0x6027,{0x10,0x20,0x11,0x20,0x19,0x20,0x55,0xFC,0x51,0x20,0x52,0x20,0x10,0x20,0x11,0xF8,0x10,0x20,0x10,0x20,0x10,0x20,0x10,0x20,0x13,0xFC,0x00,0x00,0x00,0x00,0x00,0x00}},
  {0x603B,{0x08,0x20,0x04,0x40,0x1F,0xF0,0x10,0x10,0x10,0x10,0x10,0x10,0x1F,0xF0,0x00,0x00,0x01,0x00,0x08,0x88,0x28,0x84,0x28,0x24,0x47,0xE0,0x00,0x00,0x00,0x00,0x00,0x00}},
  {0x6062,{0x10,0x40,0x10,0x40,0x1B,0xFC,0x54,0x80,0x51,0x20,0x51,0x24,0x12,0xA4,0x14,0xA8,0x11,0x50,0x10,0x50,0x10,0x88,0x11,0x08,0x12,0x04,0x00,0x00,0x00,0x00,0x00,0x00}},
  {0x6086,{0x02,0x80,0x0C,0x60,0x77,0xDC,0x01,0x00,0x3F,0xF8,0x09,0x20,0x11,0x10,0x23,0x08,0x00,0x00,0x02,0x00,0x29,0x08,0x28,0x24,0x47,0xE4,0x00,0x00,0x00,0x00,0x00,0x00}},
  {0x608A,{0x08,0xE0,0x7E,0x80,0x08,0x80,0x0E,0xFC,0x78,0x90,0x09,0x10,0x3A,0x10,0x02,0x00,0x01,0x00,0x29,0x08,0x28,0x04,0x48,0x24,0x07,0xE0,0x00,0x00,0x00,0x00,0x00,0x00}},
  {0x608E,{0x11,0x20,0x11,0xF8,0x12,0x20,0x58,0x20,0x55,0xFC,0x50,0x00,0x50,0x00,0x11,0xF8,0x11,0x08,0x11,0x08,0x11,0x08,0x11,0xF8,0x11,0x08,0x00,0x00,0x00,0x00,0x00,0x00}},
  {0x6093,{0x12,0x08,0x12,0x08,0x1B,0xF8,0x56,0x08,0x52,0x08,0x53,0xF8,0x12,0x08,0x12,0x08,0x13,0xF8,0x10,0xA0,0x11,0x20,0x12,0x24,0x14,0x1C,0x00,0x00,0x00,0x00,0x00,0x00}},
  {0x6095,{0x11,0x90,0x10,0x60,0x18,0x90,0x55,0x48,0x53,0xFC,0x50,0x80,0x11,0x20,0x13,0xFC,0x15,0x24,0x11,0x24,0x11,0x24,0x11,0x2C,0x10,0x20,0x00,0x00,0x00,0x00,0x00,0x00}},
  {0x6097,{0x10,0x80,0x11,0xF0,0x1A,0x10,0x54,0x20,0x53,0xF8,0x52,0x48,0x12,0x48,0x13,0xF8,0x10,0xA0,0x10,0xA0,0x11,0x20,0x12,0x24,0x14,0x1C,0x00,0x00,0x00,0x00,0x00,0x00}},
  {0x60E7,{0x13,0xF8,0x12,0x08,0x1B,0xF8,0x56,0x08,0x53,0xF8,0x52,0x08,0x13,0xF8,0x12,0x08,0x17,0xFC,0x10,0x00,0x11,0x10,0x12,0x08,0x14,0x04,0x00,0x00,0x00,0x00,0x00,0x00}},
  {0x610F,{0x3F,0xF8,0x08,0x20,0x04,0x40,0x7F,0xFC,0x00,0x00,0x1F,0xF0,0x10,0x10,0x1F,0xF0,0x10,0x10,0x1F,0xF0,0x29,0x08,0x28,0x24,0x47,0xE4,0x00,0x00,0x00,0x00,0x00,0x00}},
  {0x611F,{0x3F,0xFC,0x20,0x40,0x2F,0x48,0x20,0x48,0x2F,0x50,0x29,0x20,0x2F,0x54,0x20,0x8C,0x41,0x04,0x02,0x00,0x29,0x08,0x28,0x24,0x47,0xE4,0x00,0x00,0x00,0x00,0x00,0x00}},
  {0x612C,{0x14,0x78,0x7F,0x48,0x08,0x78,0x2A,0x48,0x2A,0x78,0x3E,0x48,0x10,0x88,0x21,0x38,0x40,0x00,0x02,0x00,0x29,0x08,0x28,0x24,0x47,0xE4,0x00,0x00,0x00,0x00,0x00,0x00}},
  {0x612F,{0x12,0x20,0x17,0xFC,0x1A,0x40,0x5B,0xF8,0x56,0x40,0x53,0xF8,0x52,0x40,0x13,0xFC,0x12,0x00,0x13,0xF0,0x11,0x10,0x10,0xE0,0x13,0x1C,0x00,0x00,0x00,0x00,0x00,0x00}},
  {0x620F,{0x00,0x48,0x3E,0x48,0x02,0x40,0x02,0x7C,0x25,0xC0,0x14,0x48,0x08,0x48,0x0C,0x50,0x14,0x50,0x12,0x24,0x22,0x54,0x40,0x8C,0x01,0x04,0x00,0x00,0x00,0x00,0x00,0x00}},
  {0x6210,{0x00,0x48,0x00,0x40,0x3F,0xFC,0x20,0x40,0x20,0x48,0x3E,0x48,0x22,0x48,0x22,0x50,0x22,0x50,0x22,0x24,0x2C,0x54,0x20,0x8C,0x41,0x04,0x00,0x00,0x00,0x00,0x00,0x00}},
  {0x6212,{0x00,0x48,0x00,0x40,0x7F,0xFC,0x00,0x40,0x12,0x40,0x12,0x48,0x7F,0x48,0x12,0x50,0x12,0x50,0x12,0x24,0x22,0x54,0x40,0x8C,0x03,0x04,0x00,0x00,0x00,0x00,0x00,0x00}},
  {0x6216,{0x00,0x48,0x00,0x40,0x7F,0xFC,0x00,0x40,0x00,0x40,0x3E,0x48,0x22,0x48,0x22,0x50,0x3E,0x50,0x00,0x24,0x0E,0x54,0x70,0x8C,0x03,0x04,0x00,0x00,0x00,0x00,0x00,0x00}},
  {0x621C,{0x00,0x88,0x7F,0xFC,0x00,0x80,0x3E,0x80,0x22,0x88,0x3E,0x88,0x00,0x88,0x3E,0x50,0x08,0x50,0x3E,0x24,0x08,0x54,0x0E,0x8C,0x71,0x04,0x00,0x00,0x00,0x00,0x00,0x00}},
  {0x621D,{0x3E,0x28,0x22,0x24,0x22,0x20,0x3E,0x3C,0x22,0xE0,0x22,0x28,0x3E,0x28,0x22,0x28,0x22,0x10,0x3E,0x14,0x00,0x34,0x14,0x4C,0x22,0x84,0x00,0x00,0x00,0x00,0x00,0x00}},
  {0x621E,{0x04,0x00,0x1F,0xF0,0x10,0x10,0x1F,0xF0,0x10,0x10,0x1F,0xF0,0x10,0x10,0x7F,0xFC,0x44,0x44,0x07,0xF8,0x7A,0x20,0x01,0xC4,0x3E,0x3C,0x00,0x00,0x00,0x00,0x00,0x00}},
  {0x6237,{0x00,0x80,0x1F,0xFC,0x10,0x04,0x10,0x04,0x10,0x04,0x1F,0xFC,0x10,0x04,0x10,0x00,0x10,0x00,0x10,0x00,0x20,0x00,0x20,0x00,0x40,0x00,0x00,0x00,0x00,0x00,0x00,0x00}},
  {0x6240,{0x38,0xE0,0x20,0x80,0x20,0x80,0x3E,0x80,0x22,0xFC,0x22,0x90,0x22,0x90,0x3E,0x90,0x20,0x90,0x20,0x90,0x20,0x90,0x21,0x10,0x42,0x10,0x00,0x00,0x00,0x00,0x00,0x00}},
  {0x6247,{0x00,0x80,0x1F,0xFC,0x10,0x04,0x1F,0xFC,0x10,0x00,0x17,0xBC,0x10,0x84,0x12,0x94,0x11,0x8C,0x12,0x94,0x24,0xA4,0x20,0x84,0x43,0x18,0x00,0x00,0x00,0x00,0x00,0x00}},
  {0x624B,{0x3F,0x80,0x01,0x00,0x01,0x00,0x3F,0xF8,0x01,0x00,0x01,0x00,0x01,0x00,0x7F,0xFC,0x01,0x00,0x01,0x00,0x01,0x00,0x01,0x00,0x07,0x00,0x00,0x00,0x00,0x00,0x00,0x00}},
  {0x624D,{0x00,0x40,0x00,0x40,0x7F,0xFC,0x00,0xC0,0x01,0x40,0x01,0x40,0x02,0x40,0x04,0x40,0x08,0x40,0x10,0x40,0x20,0x40,0x40,0x40,0x01,0xC0,0x00,0x00,0x00,0x00,0x00,0x00}},
  {0x6253,{0x13,0xFC,0x10,0x20,0x7C,0x20,0x10,0x20,0x10,0x20,0x14,0x20,0x18,0x20,0x70,0x20,0x10,0x20,0x10,0x20,0x10,0x20,0x10,0x20,0x70,0xE0,0x00,0x00,0x00,0x00,0x00,0x00}},
  {0x6267,{0x10,0x80,0x10,0x80,0x7B,0xF0,0x10,0x90,0x10,0x90,0x12,0x90,0x19,0x90,0x70,0x90,0x10,0x90,0x11,0x50,0x11,0x54,0x12,0x0C,0x74,0x04,0x00,0x00,0x00,0x00,0x00,0x00}},
  {0x6269,{0x10,0x20,0x10,0x20,0x7D,0xFC,0x11,0x00,0x11,0x00,0x15,0x00,0x19,0x00,0x71,0x00,0x11,0x00,0x11,0x00,0x12,0x00,0x12,0x00,0x74,0x00,0x00,0x00,0x00,0x00,0x00,0x00}},
  {0x626B,{0x10,0x00,0x11,0xFC,0x7C,0x04,0x10,0x04,0x10,0x04,0x14,0x04,0x19,0xFC,0x70,0x04,0x10,0x04,0x10,0x04,0x10,0x04,0x13,0xFC,0x70,0x04,0x00,0x00,0x00,0x00,0x00,0x00}},
  {0x6279,{0x12,0x20,0x12,0x20,0x7A,0x24,0x12,0x28,0x13,0xB0,0x12,0x20,0x1A,0x20,0x72,0x20,0x12,0x20,0x12,0x20,0x12,0xA4,0x13,0x24,0x72,0x1C,0x00,0x00,0x00,0x00,0x00,0x00}},
  {0x6296,{0x10,0x90,0x10,0x50,0x7C,0x50,0x11,0x10,0x10,0x90,0x14,0x90,0x18,0x10,0x70,0x1C,0x13,0xF0,0x10,0x10,0x10,0x10,0x10,0x10,0x70,0x10,0x00,0x00,0x00,0x00,0x00,0x00}},
  {0x62A4,{0x10,0x20,0x11,0xFC,0x7D,0x04,0x11,0x04,0x11,0x04,0x15,0xFC,0x19,0x04,0x71,0x00,0x11,0x00,0x11,0x00,0x12,0x00,0x12,0x00,0x74,0x00,0x00,0x00,0x00,0x00,0x00,0x00}},
  {0x62BD,{0x10,0x40,0x10,0x40,0x7B,0xFC,0x12,0x44,0x12,0x44,0x12,0x44,0x1B,0xFC,0x72,0x44,0x12,0x44,0x12,0x44,0x12,0x44,0x13,0xFC,0x72,0x04,0x00,0x00,0x00,0x00,0x00,0x00}},
  {0x62C9,{0x10,0x40,0x10,0x40,0x7B,0xF8,0x10,0x00,0x10,0x10,0x12,0x10,0x1A,0x10,0x71,0x10,0x11,0x20,0x11,0x20,0x10,0x20,0x10,0x40,0x77,0xFC,0x00,0x00,0x00,0x00,0x00,0x00}},
  {0x62DF,{0x10,0x90,0x12,0x50,0x7A,0x50,0x12,0x50,0x12,0x10,0x12,0x10,0x1A,0x10,0x72,0x10,0x12,0xA8,0x13,0x28,0x12,0x44,0x10,0x84,0x71,0x04,0x00,0x00,0x00,0x00,0x00,0x00}},
  {0x62E9,{0x13,0xF8,0x11,0x10,0x7C,0xA0,0x10,0x40,0x10,0xB0,0x13,0x0C,0x18,0x40,0x71,0xF0,0x10,0x40,0x10,0x40,0x17,0xFC,0x10,0x40,0x70,0x40,0x00,0x00,0x00,0x00,0x00,0x00}},
  {0x6301,{0x10,0x40,0x11,0xF8,0x7C,0x40,0x10,0x40,0x13,0xFC,0x14,0x10,0x18,0x10,0x73,0xFC,0x10,0x10,0x11,0x10,0x10,0x90,0x10,0x10,0x70,0x70,0x00,0x00,0x00,0x00,0x00,0x00}},
  {0x6309,{0x10,0x20,0x13,0xFC,0x7A,0x04,0x12,0x44,0x10,0x40,0x13,0xFC,0x18,0x88,0x70,0x88,0x11,0x90,0x10,0x60,0x10,0x50,0x10,0x88,0x73,0x04,0x00,0x00,0x00,0x00,0x00,0x00}},
  {0x630E,{0x10,0x40,0x13,0xFC,0x79,0x10,0x12,0x08,0x15,0xF4,0x10,0x00,0x1F,0xFC,0x71,0x00,0x11,0xF8,0x10,0x08,0x10,0x08,0x10,0x08,0x70,0x30,0x00,0x00,0x00,0x00,0x00,0x00}},
  {0x6313,{0x10,0x20,0x13,0xFC,0x7A,0x04,0x12,0x04,0x10,0x38,0x11,0xC0,0x18,0x40,0x70,0x5C,0x13,0xE0,0x10,0x40,0x10,0x44,0x10,0x44,0x70,0x3C,0x00,0x00,0x00,0x00,0x00,0x00}},
  {0x6321,{0x14,0x44,0x12,0x48,0x79,0x50,0x17,0xFC,0x10,0x04,0x10,0x04,0x18,0x04,0x73,0xFC,0x10,0x04,0x10,0x04,0x10,0x04,0x17,0xFC,0x70,0x04,0x00,0x00,0x00,0x00,0x00,0x00}},
  {0x632F,{0x13,0xFC,0x12,0x00,0x7E,0x00,0x12,0xF8,0x12,0x00,0x16,0x00,0x1B,0xFC,0x72,0xA0,0x12,0xA4,0x12,0x98,0x12,0x90,0x12,0xC8,0x74,0x84,0x00,0x00,0x00,0x00,0x00,0x00}},
  {0x6331,{0x11,0x20,0x10,0x20,0x78,0xA8,0x14,0xA4,0x12,0xA4,0x11,0x20,0x18,0x28,0x70,0x28,0x12,0x10,0x12,0x10,0x14,0x20,0x14,0x40,0x70,0x80,0x00,0x00,0x00,0x00,0x00,0x00}},
  {0x6362,{0x11,0x00,0x11,0xF0,0x7A,0x10,0x14,0x20,0x13,0xF8,0x12,0x48,0x1A,0x48,0x72,0x48,0x17,0xFC,0x10,0xA0,0x11,0x10,0x12,0x08,0x74,0x04,0x00,0x00,0x00,0x00,0x00,0x00}},
  {0x636E,{0x13,0xF8,0x12,0x08,0x7A,0x08,0x13,0xF8,0x12,0x20,0x12,0x20,0x1B,0xFC,0x72,0x20,0x12,0x20,0x12,0xF8,0x14,0x88,0x14,0x88,0x78,0xF8,0x00,0x00,0x00,0x00,0x00,0x00}},
  {0x6389,{0x10,0x40,0x10,0x7C,0x7C,0x40,0x13,0xF8,0x12,0x08,0x13,0xF8,0x1A,0x08,0x73,0xF8,0x10,0x40,0x17,0xFC,0x10,0x40,0x10,0x40,0x70,0x40,0x00,0x00,0x00,0x00,0x00,0x00}},
  {0x638C,{0x7F,0xFC,0x40,0x04,0x0F,0xE0,0x08,0x20,0x0F,0xE0,0x00,0x00,0x1F,0xF0,0x01,0x00,0x3F,0xF8,0x01,0x00,0x7F,0xFC,0x01,0x00,0x07,0x00,0x00,0x00,0x00,0x00,0x00,0x00}},
  {0x63A2,{0x13,0xFC,0x12,0x04,0x78,0x90,0x11,0x08,0x12,0x44,0x10,0x40,0x1B,0xFC,0x70,0xE0,0x11,0x50,0x11,0x50,0x12,0x48,0x14,0x44,0x70,0x40,0x00,0x00,0x00,0x00,0x00,0x00}},
  {0x63A5,{0x10,0x40,0x13,0xF8,0x7D,0x10,0x10,0xA0,0x17,0xFC,0x10,0x80,0x18,0x80,0x77,0xFC,0x11,0x10,0x13,0x20,0x10,0xC0,0x11,0x30,0x76,0x08,0x00,0x00,0x00,0x00,0x00,0x00}},
  {0x63A7,{0x10,0x40,0x13,0xFC,0x7A,0x04,0x10,0x90,0x11,0x08,0x12,0x04,0x18,0x00,0x71,0xF8,0x10,0x40,0x10,0x40,0x10,0x40,0x10,0x40,0x73,0xFC,0x00,0x00,0x00,0x00,0x00,0x00}},
  {0x63A8,{0x10,0x90,0x11,0x00,0x7D,0xFC,0x13,0x20,0x15,0x20,0x11,0xF8,0x19,0x20,0x71,0x20,0x11,0xF8,0x11,0x20,0x11,0x20,0x11,0xFC,0x71,0x00,0x00,0x00,0x00,0x00,0x00,0x00}},
  {0x63CF,{0x11,0x10,0x13,0xFC,0x7D,0x10,0x10,0x00,0x13,0xF8,0x12,0x48,0x1A,0x48,0x73,0xF8,0x12,0x48,0x12,0x48,0x12,0x48,0x13,0xF8,0x72,0x08,0x00,0x00,0x00,0x00,0x00,0x00}},
  {0x63D0,{0x11,0xF8,0x11,0x08,0x7D,0xF8,0x11,0x08,0x11,0xF8,0x14,0x00,0x1B,0xFC,0x70,0x20,0x11,0x20,0x11,0x38,0x11,0x20,0x12,0xA0,0x74,0x7C,0x00,0x00,0x00,0x00,0x00,0x00}},
  {0x6447,{0x13,0xC0,0x12,0x88,0x79,0x50,0x12,0x00,0x13,0xF8,0x14,0x40,0x18,0x40,0x77,0xFC,0x10,0x40,0x12,0x48,0x12,0x48,0x13,0xF8,0x70,0x08,0x00,0x00,0x00,0x00,0x00,0x00}},
  {0x6485,{0x27,0xFC,0x24,0x00,0x76,0x28,0x25,0x48,0x24,0x0C,0x27,0xF4,0x34,0x80,0x66,0xA8,0x26,0xA8,0x27,0xE8,0x24,0x88,0x25,0x14,0x6A,0x24,0x00,0x00,0x00,0x00,0x00,0x00}},
  {0x64AD,{0x17,0xC0,0x12,0x48,0x79,0x50,0x13,0xF8,0x11,0x50,0x1A,0x48,0x34,0x04,0x53,0xF8,0x12,0x48,0x13,0xF8,0x12,0x48,0x13,0xF8,0x72,0x08,0x00,0x00,0x00,0x00,0x00,0x00}},
  {0x64B3,{0x11,0x10,0x12,0x90,0x7C,0x5C,0x13,0xA4,0x11,0x00,0x19,0x10,0x37,0xD0,0x51,0x10,0x15,0x50,0x13,0xA8,0x11,0xE8,0x16,0x28,0x70,0x44,0x00,0x00,0x00,0x00,0x00,0x00}},
  {0x64B4,{0x27,0xA0,0x20,0x20,0x77,0xBC,0x24,0xC8,0x27,0xA8,0x20,0x28,0x37,0xA8,0x60,0xA8,0x21,0x10,0x21,0x90,0x27,0x28,0x21,0x28,0x67,0x44,0x00,0x00,0x00,0x00,0x00,0x00}},
  {0x64B6,{0x13,0xF8,0x10,0xA0,0x7B,0xF8,0x11,0x50,0x11,0x50,0x17,0xFC,0x19,0x50,0x71,0x50,0x13,0xF8,0x10,0x40,0x17,0xFC,0x10,0x40,0x70,0x40,0x00,0x00,0x00,0x00,0x00,0x00}},
  {0x64B9,{0x11,0x28,0x10,0x00,0x7B,0xFC,0x12,0x04,0x11,0xF8,0x11,0x08,0x19,0xF8,0x71,0x08,0x11,0xF8,0x11,0x08,0x11,0xF8,0x10,0x94,0x77,0x0C,0x00,0x00,0x00,0x00,0x00,0x00}},
  {0x64CD,{0x11,0x10,0x11,0xF0,0x78,0x00,0x13,0xB8,0x12,0xA8,0x13,0xB8,0x18,0x00,0x70,0x40,0x17,0xFC,0x10,0xE0,0x11,0x50,0x16,0x4C,0x70,0x40,0x00,0x00,0x00,0x00,0x00,0x00}},
  {0x652F,{0x01,0x00,0x7F,0xFC,0x01,0x00,0x01,0x00,0x3F,0xF0,0x08,0x10,0x08,0x20,0x04,0x40,0x02,0x80,0x01,0x00,0x02,0x80,0x0C,0x60,0x70,0x1C,0x00,0x00,0x00,0x00,0x00,0x00}},
  {0x6539,{0x00,0x80,0x7C,0x80,0x04,0xFC,0x05,0x08,0x06,0x88,0x3C,0x88,0x20,0x88,0x20,0x50,0x20,0x50,0x24,0x20,0x28,0x50,0x30,0x88,0x23,0x04,0x00,0x00,0x00,0x00,0x00,0x00}},
  {0x653E,{0x08,0x40,0x00,0x40,0x7E,0x7C,0x10,0x88,0x11,0x48,0x1E,0x48,0x12,0x48,0x12,0x50,0x12,0x50,0x12,0x20,0x22,0x50,0x22,0x88,0x4D,0x04,0x00,0x00,0x00,0x00,0x00,0x00}},
  {0x6545,{0x08,0x40,0x08,0x40,0x7E,0x7C,0x08,0x88,0x09,0x48,0x08,0x48,0x3E,0x48,0x22,0x50,0x22,0x50,0x22,0x20,0x3E,0x50,0x20,0x88,0x01,0x04,0x00,0x00,0x00,0x00,0x00,0x00}},
  {0x6548,{0x08,0x40,0x7E,0x40,0x00,0x7C,0x14,0x88,0x22,0x88,0x45,0x48,0x24,0x50,0x14,0x50,0x08,0x20,0x14,0x20,0x22,0x50,0x42,0x88,0x01,0x04,0x00,0x00,0x00,0x00,0x00,0x00}},
  {0x6563,{0x14,0x40,0x3E,0x40,0x14,0x7C,0x7E,0x88,0x01,0x48,0x3E,0x48,0x22,0x48,0x3E,0x50,0x22,0x50,0x3E,0x20,0x22,0x50,0x22,0x88,0x27,0x04,0x00,0x00,0x00,0x00,0x00,0x00}},
  {0x6564,{0x3E,0x20,0x2A,0x3C,0x3E,0x20,0x2A,0x20,0x3E,0xF8,0x08,0x48,0x7E,0x48,0x08,0x48,0x1C,0x50,0x2A,0x50,0x48,0x20,0x08,0x50,0x08,0x8C,0x00,0x00,0x00,0x00,0x00,0x00}},
  {0x656D,{0x3E,0x20,0x22,0x20,0x3E,0x3C,0x22,0x48,0x3E,0x48,0x00,0xA8,0x7F,0x28,0x20,0x28,0x3F,0x28,0x55,0x10,0x15,0x10,0x29,0x28,0x53,0x44,0x00,0x00,0x00,0x00,0x00,0x00}},
  {0x6570,{0x49,0x20,0x2A,0x20,0x7F,0x3C,0x1C,0x48,0x2A,0x48,0x49,0xA8,0x10,0x28,0x7E,0x28,0x12,0x28,0x32,0x10,0x0C,0x10,0x1A,0x28,0x61,0x44,0x00,0x00,0x00,0x00,0x00,0x00}},
  {0x6574,{0x7F,0x40,0x08,0x7C,0x3E,0x88,0x2B,0x50,0x3E,0x20,0x1C,0x50,0x2A,0x8C,0x48,0x00,0x3F,0xF8,0x01,0x00,0x09,0xF0,0x09,0x00,0x7F,0xFC,0x00,0x00,0x00,0x00,0x00,0x00}},
  {0x657C,{0x7E,0x20,0x08,0x3C,0x3E,0x20,0x00,0x20,0x3E,0xF8,0x22,0x48,0x3E,0x48,0x14,0x48,0x7E,0x50,0x00,0x50,0x3E,0x20,0x22,0x50,0x3E,0x8C,0x00,0x00,0x00,0x00,0x00,0x00}},
  {0x6581,{0x7F,0x40,0x55,0x40,0x7F,0x7C,0x08,0x88,0x3F,0x48,0x08,0x48,0x7F,0x48,0x22,0x50,0x7F,0x50,0x08,0x20,0x7F,0x50,0x08,0x88,0x09,0x04,0x00,0x00,0x00,0x00,0x00,0x00}},
  {0x6587,{0x01,0x00,0x01,0x00,0x7F,0xFC,0x08,0x20,0x08,0x20,0x04,0x40,0x04,0x40,0x02,0x80,0x01,0x00,0x02,0x80,0x04,0x40,0x18,0x30,0x60,0x0C,0x00,0x00,0x00,0x00,0x00,0x00}},
  {0x659C,{0x08,0x90,0x14,0x50,0x22,0x10,0x5C,0x90,0x08,0x50,0x08,0x10,0x7F,0x1C,0x08,0xF0,0x2A,0x10,0x29,0x10,0x49,0x10,0x08,0x10,0x38,0x10,0x00,0x00,0x00,0x00,0x00,0x00}},
  {0x65AD,{0x48,0xE0,0x6A,0x80,0x5C,0x80,0x48,0x80,0x7E,0xFC,0x48,0x90,0x5C,0x90,0x6A,0x90,0x4A,0x90,0x48,0x90,0x48,0x90,0x41,0x10,0x7E,0x10,0x00,0x00,0x00,0x00,0x00,0x00}},
  {0x65B0,{0x08,0x70,0x7F,0x40,0x22,0x40,0x14,0x40,0x7F,0x7C,0x00,0x48,0x08,0x48,0x7F,0x48,0x08,0x48,0x2A,0x48,0x49,0x48,0x08,0x88,0x39,0x08,0x00,0x00,0x00,0x00,0x00,0x00}},
  {0x65B9,{0x01,0x00,0x7F,0xFC,0x04,0x00,0x04,0x00,0x04,0x00,0x07,0xF0,0x04,0x10,0x04,0x10,0x08,0x10,0x08,0x10,0x10,0x10,0x20,0x10,0x40,0x60,0x00,0x00,0x00,0x00,0x00,0x00}},
  {0x65BD,{0x08,0x80,0x00,0xFC,0x7D,0x20,0x22,0x20,0x20,0xA8,0x3C,0xB8,0x24,0xE8,0x25,0xA8,0x24,0xA8,0x24,0xB8,0x24,0xA4,0x24,0x84,0x4C,0x7C,0x00,0x00,0x00,0x00,0x00,0x00}},
  {0x65BE,{0x08,0x80,0x00,0xFC,0x7F,0x20,0x12,0x20,0x10,0x20,0x1D,0xFC,0x15,0x24,0x15,0x24,0x15,0x24,0x15,0x24,0x25,0x2C,0x24,0x20,0x4C,0x20,0x00,0x00,0x00,0x00,0x00,0x00}},
  {0x65BF,{0x08,0x40,0x00,0x7C,0x7E,0x80,0x11,0x00,0x10,0xF8,0x1C,0x10,0x14,0x20,0x15,0xFC,0x14,0x20,0x14,0x20,0x24,0x20,0x24,0x20,0x4C,0xE0,0x00,0x00,0x00,0x00,0x00,0x00}},
  {0x65CB,{0x08,0x80,0x00,0xFC,0x7D,0x00,0x22,0x00,0x20,0xF8,0x3C,0x28,0x24,0xA0,0x24,0xA0,0x24,0xB8,0x24,0xA0,0x24,0xA0,0x25,0x60,0x4E,0x3C,0x00,0x00,0x00,0x00,0x00,0x00}},
  {0x65D3,{0x08,0x80,0x00,0xFC,0x7D,0x20,0x23,0x24,0x20,0xA8,0x3D,0xFC,0x25,0x04,0x25,0xFC,0x25,0x04,0x25,0xFC,0x25,0x04,0x25,0x04,0x4D,0x1C,0x00,0x00,0x00,0x00,0x00,0x00}},
  {0x65E5,{0x20,0x08,0x20,0x08,0x20,0x08,0x20,0x08,0x20,0x08,0x3F,0xF8,0x20,0x08,0x20,0x08,0x20,0x08,0x20,0x08,0x20,0x08,0x3F,0xF8,0x20,0x08,0x00,0x00,0x00,0x00,0x00,0x00}},
  {0x65E7,{0x27,0xF8,0x24,0x08,0x24,0x08,0x24,0x08,0x24,0x08,0x27,0xF8,0x24,0x08,0x24,0x08,0x24,0x08,0x24,0x08,0x24,0x08,0x27,0xF8,0x24,0x08,0x00,0x00,0x00,0x00,0x00,0x00}},
  {0x65F6,{0x00,0x10,0x78,0x10,0x4B,0xFC,0x48,0x10,0x48,0x10,0x79,0x10,0x48,0x90,0x48,0x90,0x48,0x10,0x78,0x10,0x48,0x10,0x00,0x10,0x00,0x70,0x00,0x00,0x00,0x00,0x00,0x00}},
  {0x660E,{0x7C,0x84,0x44,0x84,0x44,0x84,0x44,0xFC,0x7C,0x84,0x44,0x84,0x44,0x84,0x44,0xFC,0x7C,0x84,0x41,0x04,0x01,0x04,0x02,0x04,0x04,0x1C,0x00,0x00,0x00,0x00,0x00,0x00}},
  {0x6620,{0x00,0x40,0x78,0x40,0x4B,0xF8,0x4A,0x48,0x4A,0x48,0x7A,0x48,0x4A,0x48,0x4F,0xFC,0x48,0xA0,0x78,0xA0,0x49,0x10,0x02,0x08,0x04,0x04,0x00,0x00,0x00,0x00,0x00,0x00}},
  {0x662F,{0x10,0x10,0x1F,0xF0,0x10,0x10,0x1F,0xF0,0x00,0x00,0x7F,0xFC,0x01,0x00,0x11,0x00,0x11,0xF0,0x11,0x00,0x11,0x00,0x29,0x00,0x47,0xFC,0x00,0x00,0x00,0x00,0x00,0x00}},
  {0x663E,{0x10,0x10,0x10,0x10,0x1F,0xF0,0x10,0x10,0x10,0x10,0x1F,0xF0,0x04,0x40,0x24,0x48,0x14,0x48,0x14,0x50,0x04,0x40,0x04,0x40,0x7F,0xFC,0x00,0x00,0x00,0x00,0x00,0x00}},
  {0x666B,{0x00,0x40,0x78,0x7C,0x48,0x40,0x4B,0xF8,0x4A,0x08,0x7B,0xF8,0x4A,0x08,0x4B,0xF8,0x48,0x40,0x7F,0xFC,0x48,0x40,0x00,0x40,0x00,0x40,0x00,0x00,0x00,0x00,0x00,0x00}},
  {0x666E,{0x04,0x40,0x3F,0xF8,0x04,0x40,0x24,0x48,0x14,0x50,0x7F,0xFC,0x00,0x00,0x1F,0xF0,0x10,0x10,0x1F,0xF0,0x10,0x10,0x1F,0xF0,0x10,0x10,0x00,0x00,0x00,0x00,0x00,0x00}},
  {0x666F,{0x10,0x10,0x1F,0xF0,0x10,0x10,0x1F,0xF0,0x01,0x00,0x7F,0xFC,0x00,0x00,0x1F,0xF0,0x10,0x10,0x1F,0xF0,0x01,0x00,0x11,0x10,0x27,0x08,0x00,0x00,0x00,0x00,0x00,0x00}},
  {0x6670,{0x01,0x30,0x79,0x20,0x4F,0xA0,0x49,0x20,0x49,0x3C,0x7B,0xA8,0x4B,0x68,0x4D,0x28,0x49,0x28,0x79,0x28,0x49,0x28,0x01,0x28,0x01,0x48,0x00,0x00,0x00,0x00,0x00,0x00}},
  {0x6676,{0x10,0x10,0x1F,0xF0,0x10,0x10,0x1F,0xF0,0x00,0x00,0x7E,0xFC,0x42,0x84,0x42,0x84,0x7E,0xFC,0x42,0x84,0x42,0x84,0x7E,0xFC,0x42,0x84,0x00,0x00,0x00,0x00,0x00,0x00}},
  {0x6682,{0x7E,0xF0,0x28,0x80,0x7E,0xFC,0x08,0x90,0x0E,0x90,0x79,0x10,0x0A,0x10,0x00,0x00,0x1F,0xF0,0x10,0x10,0x1F,0xF0,0x10,0x10,0x1F,0xF0,0x00,0x00,0x00,0x00,0x00,0x00}},
  {0x669F,{0x02,0x48,0x7A,0x48,0x4B,0xF8,0x48,0x00,0x4B,0xF8,0x78,0x00,0x4B,0xF8,0x4A,0x08,0x4A,0x08,0x7B,0xF8,0x49,0x10,0x00,0xA0,0x07,0xFC,0x00,0x00,0x00,0x00,0x00,0x00}},
  {0x66DE,{0x02,0x50,0x7B,0xFC,0x4A,0x50,0x4A,0xF8,0x4A,0xA8,0x7A,0xF8,0x4A,0xA8,0x4A,0xF8,0x4A,0x20,0x7B,0xFC,0x4B,0x24,0x05,0x74,0x09,0x0C,0x00,0x00,0x00,0x00,0x00,0x00}},
  {0x66E1,{0x08,0x20,0x0F,0xE0,0x3C,0x78,0x27,0xC8,0x3C,0x78,0x24,0x48,0x7F,0xFC,0x50,0x14,0x1F,0xF0,0x10,0x10,0x1F,0xF0,0x10,0x10,0x7F,0xFC,0x00,0x00,0x00,0x00,0x00,0x00}},
  {0x66F2,{0x02,0x40,0x02,0x40,0x3F,0xFC,0x22,0x44,0x22,0x44,0x22,0x44,0x3F,0xFC,0x22,0x44,0x22,0x44,0x22,0x44,0x22,0x44,0x3F,0xFC,0x20,0x04,0x00,0x00,0x00,0x00,0x00,0x00}},
  {0x66F4,{0x7F,0xFC,0x01,0x00,0x3F,0xF8,0x21,0x08,0x3F,0xF8,0x21,0x08,0x21,0x08,0x3F,0xF8,0x11,0x00,0x0A,0x00,0x06,0x00,0x19,0xC0,0x60,0x3C,0x00,0x00,0x00,0x00,0x00,0x00}},
  {0x6700,{0x10,0x10,0x1F,0xF0,0x10,0x10,0x1F,0xF0,0x00,0x00,0x7F,0xFC,0x22,0x00,0x3E,0xF8,0x22,0x88,0x3E,0x50,0x27,0x20,0x7A,0x50,0x02,0x8C,0x00,0x00,0x00,0x00,0x00,0x00}},
  {0x6709,{0x02,0x00,0x7F,0xFC,0x04,0x00,0x0F,0xF0,0x18,0x10,0x28,0x10,0x4F,0xF0,0x08,0x10,0x08,0x10,0x0F,0xF0,0x08,0x10,0x08,0x10,0x08,0x70,0x00,0x00,0x00,0x00,0x00,0x00}},
  {0x670D,{0x3D,0xF8,0x25,0x08,0x25,0x08,0x25,0x38,0x3D,0x00,0x25,0xF8,0x25,0x48,0x3D,0x48,0x25,0x50,0x25,0x20,0x25,0x50,0x25,0x88,0x4D,0x04,0x00,0x00,0x00,0x00,0x00,0x00}},
  {0x671F,{0x22,0x7C,0x7F,0x44,0x22,0x44,0x22,0x44,0x3E,0x7C,0x22,0x44,0x3E,0x44,0x22,0x7C,0x22,0x44,0x7F,0x44,0x00,0x84,0x22,0x84,0x41,0x1C,0x00,0x00,0x00,0x00,0x00,0x00}},
  {0x672A,{0x01,0x00,0x3F,0xF8,0x01,0x00,0x01,0x00,0x01,0x00,0x7F,0xFC,0x03,0x80,0x05,0x40,0x09,0x20,0x11,0x10,0x61,0x0C,0x01,0x00,0x01,0x00,0x00,0x00,0x00,0x00,0x00,0x00}},
  {0x672C,{0x01,0x00,0x01,0x00,0x7F,0xFC,0x03,0x80,0x05,0x40,0x05,0x40,0x09,0x20,0x11,0x10,0x21,0x08,0x4F,0xE4,0x01,0x00,0x01,0x00,0x01,0x00,0x00,0x00,0x00,0x00,0x00,0x00}},
  {0x673A,{0x11,0xF0,0x11,0x10,0x7D,0x10,0x11,0x10,0x11,0x10,0x39,0x10,0x35,0x10,0x51,0x10,0x11,0x10,0x11,0x10,0x12,0x14,0x12,0x14,0x14,0x0C,0x00,0x00,0x00,0x00,0x00,0x00}},
  {0x6742,{0x02,0x00,0x3F,0xC0,0x04,0x40,0x08,0x48,0x10,0x38,0x61,0x00,0x01,0x00,0x7F,0xFC,0x01,0x00,0x09,0x20,0x11,0x10,0x21,0x08,0x07,0x00,0x00,0x00,0x00,0x00,0x00,0x00}},
  {0x6746,{0x08,0xF8,0x08,0x20,0x7E,0x20,0x08,0x20,0x18,0x20,0x1D,0xFC,0x2A,0x20,0x28,0x20,0x48,0x20,0x08,0x20,0x08,0x20,0x08,0x20,0x08,0x20,0x00,0x00,0x00,0x00,0x00,0x00}},
  {0x6748,{0x13,0xF8,0x11,0x08,0x7D,0x48,0x11,0x28,0x11,0x08,0x39,0x10,0x34,0x90,0x50,0xA0,0x10,0x40,0x10,0xA0,0x11,0x10,0x12,0x08,0x14,0x04,0x00,0x00,0x00,0x00,0x00,0x00}},
  {0x6751,{0x10,0x10,0x10,0x10,0x7D,0xFC,0x10,0x10,0x10,0x10,0x39,0x10,0x34,0x90,0x50,0x90,0x10,0x10,0x10,0x10,0x10,0x10,0x10,0x10,0x10,0x70,0x00,0x00,0x00,0x00,0x00,0x00}},
  {0x675E,{0x11,0xF8,0x10,0x08,0x7C,0x08,0x10,0x08,0x10,0x08,0x39,0xF8,0x35,0x00,0x51,0x00,0x11,0x00,0x11,0x00,0x11,0x04,0x11,0x04,0x10,0xFC,0x00,0x00,0x00,0x00,0x00,0x00}},
  {0x675F,{0x01,0x00,0x7F,0xFC,0x01,0x00,0x01,0x00,0x3F,0xF8,0x21,0x08,0x21,0x08,0x3F,0xF8,0x05,0x40,0x09,0x20,0x11,0x10,0x61,0x0C,0x01,0x00,0x00,0x00,0x00,0x00,0x00,0x00}},
  {0x6761,{0x0F,0xF0,0x18,0x20,0x24,0x40,0x03,0x80,0x0C,0x60,0x71,0x1C,0x01,0x00,0x3F,0xF8,0x01,0x00,0x09,0x20,0x11,0x10,0x21,0x08,0x07,0x00,0x00,0x00,0x00,0x00,0x00,0x00}},
  {0x6765,{0x01,0x00,0x3F,0xF8,0x01,0x00,0x11,0x10,0x09,0x20,0x01,0x00,0x7F,0xFC,0x03,0x80,0x05,0x40,0x09,0x20,0x11,0x10,0x61,0x0C,0x01,0x00,0x00,0x00,0x00,0x00,0x00,0x00}},
  {0x6769,{0x13,0xF0,0x10,0x10,0x7D,0x10,0x11,0x10,0x11,0x10,0x39,0xFC,0x34,0x04,0x50,0x04,0x13,0xF4,0x10,0x04,0x10,0x04,0x10,0x04,0x10,0x18,0x00,0x00,0x00,0x00,0x00,0x00}},
  {0x677E,{0x11,0x20,0x11,0x20,0x7D,0x10,0x12,0x10,0x12,0x48,0x3C,0x44,0x34,0x80,0x50,0x80,0x11,0x20,0x11,0x10,0x12,0x10,0x17,0xF8,0x10,0x08,0x00,0x00,0x00,0x00,0x00,0x00}},
  {0x677F,{0x10,0x1C,0x13,0xE0,0x7A,0x00,0x12,0x00,0x13,0xF8,0x3A,0x88,0x36,0x88,0x52,0x88,0x12,0x50,0x12,0x50,0x14,0x20,0x14,0x50,0x19,0x8C,0x00,0x00,0x00,0x00,0x00,0x00}},
  {0x6783,{0x10,0x80,0x10,0xFC,0x7D,0x04,0x12,0x04,0x10,0x84,0x38,0x44,0x34,0x14,0x50,0x24,0x10,0x44,0x11,0x84,0x10,0x04,0x10,0x04,0x10,0x18,0x00,0x00,0x00,0x00,0x00,0x00}},
  {0x6784,{0x10,0x80,0x10,0xFC,0x7D,0x04,0x12,0x04,0x10,0x44,0x38,0x44,0x34,0x84,0x50,0xA4,0x11,0xF4,0x10,0x14,0x10,0x04,0x10,0x04,0x10,0x18,0x00,0x00,0x00,0x00,0x00,0x00}},
  {0x67B6,{0x7E,0xF8,0x12,0x88,0x12,0x88,0x22,0x88,0x22,0xF8,0x4C,0x00,0x01,0x00,0x7F,0xFC,0x05,0x40,0x09,0x20,0x11,0x10,0x61,0x0C,0x01,0x00,0x00,0x00,0x00,0x00,0x00,0x00}},
  {0x67CA,{0x10,0x80,0x10,0xF0,0x7D,0x10,0x12,0xA0,0x10,0x40,0x38,0xA0,0x35,0x10,0x52,0x0C,0x10,0xC0,0x10,0x30,0x11,0x80,0x10,0x60,0x10,0x10,0x00,0x00,0x00,0x00,0x00,0x00}},
  {0x67D0,{0x08,0x20,0x7F,0xFC,0x08,0x20,0x0F,0xE0,0x08,0x20,0x0F,0xE0,0x01,0x00,0x7F,0xFC,0x05,0x40,0x09,0x20,0x11,0x10,0x61,0x0C,0x01,0x00,0x00,0x00,0x00,0x00,0x00,0x00}},
  {0x67D3,{0x08,0x80,0x23,0xF0,0x10,0x90,0x00,0x90,0x09,0x10,0x12,0x14,0x24,0x0C,0x01,0x00,0x7F,0xFC,0x05,0x40,0x19,0x30,0x61,0x0C,0x01,0x00,0x00,0x00,0x00,0x00,0x00,0x00}},
  {0x67DF,{0x10,0x40,0x13,0xF8,0x7A,0x48,0x12,0x48,0x13,0xF8,0x3A,0x48,0x36,0x48,0x52,0x48,0x17,0xFC,0x12,0x08,0x12,0x08,0x12,0x08,0x12,0x38,0x00,0x00,0x00,0x00,0x00,0x00}},
  {0x67E5,{0x01,0x00,0x7F,0xFC,0x05,0x40,0x09,0x20,0x11,0x10,0x60,0x0C,0x1F,0xF0,0x10,0x10,0x1F,0xF0,0x10,0x10,0x1F,0xF0,0x00,0x00,0x7F,0xFC,0x00,0x00,0x00,0x00,0x00,0x00}},
  {0x6807,{0x13,0xF8,0x10,0x00,0x7C,0x00,0x10,0x00,0x17,0xFC,0x38,0x40,0x35,0x50,0x51,0x48,0x12,0x48,0x12,0x44,0x14,0x44,0x10,0x40,0x11,0xC0,0x00,0x00,0x00,0x00,0x00,0x00}},
  {0x680F,{0x10,0x88,0x10,0x90,0x7C,0x00,0x13,0xFC,0x10,0x00,0x38,0x00,0x34,0x00,0x51,0xF8,0x10,0x00,0x10,0x00,0x10,0x00,0x10,0x00,0x13,0xFC,0x00,0x00,0x00,0x00,0x00,0x00}},
  {0x6811,{0x10,0x08,0x17,0x88,0x78,0xFC,0x14,0x88,0x12,0x88,0x3A,0xC8,0x35,0x28,0x51,0x28,0x12,0x88,0x12,0x88,0x14,0x08,0x18,0x08,0x10,0x38,0x00,0x00,0x00,0x00,0x00,0x00}},
  {0x6821,{0x08,0x20,0x09,0xFC,0x7E,0x00,0x08,0x50,0x18,0x88,0x1D,0x04,0x2A,0x88,0x28,0x88,0x48,0x50,0x08,0x20,0x08,0x50,0x08,0x88,0x09,0x04,0x00,0x00,0x00,0x00,0x00,0x00}},
  {0x6826,{0x11,0x24,0x11,0x24,0x7D,0x24,0x13,0x24,0x15,0xB4,0x39,0x6C,0x35,0x24,0x51,0x24,0x11,0x24,0x11,0x24,0x11,0x24,0x11,0x04,0x12,0x04,0x00,0x00,0x00,0x00,0x00,0x00}},
  {0x6828,{0x10,0x20,0x12,0x20,0x7D,0x7C,0x10,0x44,0x10,0x88,0x38,0x20,0x35,0x20,0x51,0x20,0x12,0x20,0x12,0x50,0x14,0x50,0x14,0x88,0x11,0x04,0x00,0x00,0x00,0x00,0x00,0x00}},
  {0x682B,{0x10,0x40,0x10,0x40,0x13,0xFC,0x78,0x80,0x11,0x00,0x11,0x78,0x3B,0x08,0x35,0x10,0x51,0xFC,0x11,0x10,0x11,0x10,0x11,0x10,0x11,0x70,0x00,0x00,0x00,0x00,0x00,0x00}},
  {0x682C,{0x10,0x80,0x10,0xF8,0x7D,0x08,0x12,0x10,0x11,0xFC,0x39,0x24,0x35,0x24,0x51,0x24,0x11,0xFC,0x11,0x00,0x11,0x04,0x11,0x04,0x10,0xFC,0x00,0x00,0x00,0x00,0x00,0x00}},
  {0x6837,{0x11,0x10,0x10,0x00,0x7B,0xF8,0x10,0x40,0x10,0x40,0x3B,0xF8,0x34,0x40,0x50,0x40,0x17,0xFC,0x10,0x40,0x10,0x40,0x10,0x40,0x10,0x40,0x00,0x00,0x00,0x00,0x00,0x00}},
  {0x6838,{0x10,0x40,0x13,0xFC,0x78,0x40,0x10,0x90,0x11,0x10,0x3B,0xE0,0x34,0x48,0x50,0x88,0x11,0x10,0x12,0x20,0x10,0x50,0x10,0x88,0x13,0x08,0x00,0x00,0x00,0x00,0x00,0x00}},
  {0x683C,{0x10,0x80,0x10,0xF0,0x7D,0x10,0x12,0xA0,0x10,0x40,0x38,0xA0,0x35,0x10,0x52,0x0C,0x11,0xF0,0x11,0x10,0x11,0x10,0x11,0xF0,0x11,0x10,0x00,0x00,0x00,0x00,0x00,0x00}},
  {0x6846,{0x13,0xFC,0x12,0x00,0x7E,0xF8,0x12,0x20,0x12,0x20,0x3A,0x20,0x36,0xF8,0x52,0x20,0x12,0x20,0x12,0x20,0x12,0xF8,0x12,0x00,0x13,0xFC,0x00,0x00,0x00,0x00,0x00,0x00}},
  {0x6848,{0x3F,0xF8,0x22,0x08,0x02,0x00,0x7F,0xFC,0x0C,0x40,0x03,0x80,0x3C,0x70,0x01,0x00,0x7F,0xFC,0x05,0x40,0x19,0x30,0x61,0x0C,0x01,0x00,0x00,0x00,0x00,0x00,0x00,0x00}},
  {0x6863,{0x14,0x44,0x12,0x48,0x79,0x50,0x17,0xFC,0x10,0x04,0x38,0x04,0x34,0x04,0x53,0xFC,0x10,0x04,0x10,0x04,0x10,0x04,0x17,0xFC,0x10,0x04,0x00,0x00,0x00,0x00,0x00,0x00}},
  {0x68C0,{0x10,0x40,0x10,0xA0,0x79,0x10,0x12,0x08,0x15,0xF4,0x38,0x00,0x34,0x88,0x50,0x48,0x12,0x48,0x11,0x10,0x11,0x10,0x10,0x20,0x17,0xFC,0x00,0x00,0x00,0x00,0x00,0x00}},
  {0x68F0,{0x13,0xC0,0x10,0x40,0x7C,0x40,0x13,0xF8,0x11,0x50,0x39,0x50,0x37,0xFC,0x51,0x50,0x11,0x50,0x13,0xF8,0x10,0x40,0x10,0x40,0x13,0xF8,0x00,0x00,0x00,0x00,0x00,0x00}},
  {0x690B,{0x10,0x40,0x13,0xFC,0x78,0x00,0x10,0x00,0x13,0xF8,0x3A,0x08,0x36,0x08,0x53,0xF8,0x10,0x40,0x11,0x50,0x12,0x48,0x14,0x44,0x11,0xC0,0x00,0x00,0x00,0x00,0x00,0x00}},
  {0x6924,{0x11,0xFC,0x11,0x54,0x7D,0x54,0x11,0xFC,0x10,0x20,0x38,0x40,0x34,0xFC,0x51,0x04,0x12,0x88,0x10,0x50,0x10,0x20,0x10,0xC0,0x13,0x00,0x00,0x00,0x00,0x00,0x00,0x00}},
  {0x6941,{0x10,0x40,0x13,0xF8,0x7A,0x88,0x10,0xF0,0x11,0x10,0x3A,0xA0,0x34,0x40,0x51,0xB0,0x16,0x0C,0x11,0xF0,0x11,0x10,0x11,0xF0,0x11,0x10,0x00,0x00,0x00,0x00,0x00,0x00}},
  {0x6942,{0x08,0x20,0x09,0xFC,0x7E,0x70,0x08,0xA8,0x19,0x24,0x1C,0x00,0x2A,0xF8,0x28,0x88,0x48,0xF8,0x08,0x88,0x08,0xF8,0x08,0x00,0x09,0xFC,0x00,0x00,0x00,0x00,0x00,0x00}},
  {0x69E7,{0x3E,0x18,0x08,0xE0,0x3E,0x80,0x2A,0x80,0x3E,0xFC,0x2A,0x90,0x3E,0x90,0x08,0x90,0x7E,0x90,0x09,0x10,0x7F,0xFC,0x05,0x40,0x39,0x38,0x00,0x00,0x00,0x00,0x00,0x00}},
  {0x6A21,{0x11,0x10,0x13,0xFC,0x79,0x10,0x13,0xF8,0x12,0x08,0x3B,0xF8,0x36,0x08,0x53,0xF8,0x10,0x40,0x17,0xFC,0x10,0xA0,0x11,0x10,0x16,0x0C,0x00,0x00,0x00,0x00,0x00,0x00}},
  {0x6A3C,{0x12,0x04,0x13,0xFC,0x7A,0x00,0x12,0xF8,0x12,0x10,0x3B,0xFC,0x36,0x20,0x52,0x60,0x13,0xDC,0x12,0x88,0x15,0xDC,0x18,0x88,0x11,0x98,0x00,0x00,0x00,0x00,0x00,0x00}},
  {0x6AD2,{0x17,0xFC,0x11,0x10,0x12,0x20,0x7B,0xB8,0x12,0xA8,0x15,0x10,0x3A,0x08,0x34,0xE4,0x50,0x00,0x13,0xF8,0x10,0x40,0x12,0x48,0x14,0xC4,0x00,0x00,0x00,0x00,0x00,0x00}},
  {0x6AD3,{0x11,0xF0,0x12,0x20,0x17,0xF8,0x7A,0x48,0x13,0xF8,0x12,0x48,0x3B,0xF8,0x34,0xA4,0x53,0xF8,0x12,0x08,0x13,0xF8,0x12,0x08,0x13,0xF8,0x00,0x00,0x00,0x00,0x00,0x00}},
  {0x6B11,{0x13,0xFC,0x14,0x88,0x7B,0xFC,0x11,0xA8,0x12,0xCC,0x39,0xF8,0x35,0x08,0x51,0xF8,0x11,0x08,0x11,0xF8,0x11,0x08,0x11,0xF8,0x10,0x90,0x00,0x00,0x00,0x00,0x00,0x00}},
  {0x6B19,{0x11,0x50,0x17,0xFC,0x7D,0x54,0x17,0xFC,0x15,0x54,0x3F,0xFC,0x35,0x10,0x53,0xE0,0x10,0x88,0x17,0xFC,0x10,0x40,0x12,0x48,0x14,0xC4,0x00,0x00,0x00,0x00,0x00,0x00}},
  {0x6B21,{0x21,0x00,0x11,0x00,0x11,0xFC,0x02,0x04,0x02,0x08,0x04,0x40,0x10,0x40,0x10,0x40,0x20,0xA0,0x20,0xA0,0x41,0x10,0x42,0x08,0x04,0x04,0x00,0x00,0x00,0x00,0x00,0x00}},
  {0x6B22,{0x00,0x40,0x3E,0x40,0x02,0xFC,0x02,0x84,0x25,0x28,0x14,0x20,0x08,0x20,0x0C,0x20,0x14,0x20,0x12,0x50,0x22,0x50,0x40,0x88,0x01,0x04,0x00,0x00,0x00,0x00,0x00,0x00}},
  {0x6B4B,{0x3E,0x20,0x23,0xA0,0x22,0x3C,0x2F,0xA4,0x2A,0xC8,0x2B,0x10,0x2E,0x90,0x29,0x90,0x28,0x10,0x2B,0xA8,0x2A,0xE8,0x52,0xA8,0x04,0x44,0x00,0x00,0x00,0x00,0x00,0x00}},
  {0x6B4C,{0x7F,0xA0,0x01,0x20,0x3D,0x3C,0x25,0x24,0x3D,0x48,0x00,0x10,0x7F,0x90,0x01,0x10,0x3D,0x10,0x25,0x28,0x3D,0x28,0x21,0x28,0x07,0x44,0x00,0x00,0x00,0x00,0x00,0x00}},
  {0x6B62,{0x00,0x80,0x00,0x80,0x08,0x80,0x08,0x80,0x08,0xF8,0x08,0x80,0x08,0x80,0x08,0x80,0x08,0x80,0x08,0x80,0x08,0x80,0x08,0x80,0x7F,0xFC,0x00,0x00,0x00,0x00,0x00,0x00}},
  {0x6B63,{0x3F,0xF8,0x01,0x00,0x01,0x00,0x01,0x00,0x11,0x00,0x11,0x00,0x11,0xF0,0x11,0x00,0x11,0x00,0x11,0x00,0x11,0x00,0x11,0x00,0x7F,0xFC,0x00,0x00,0x00,0x00,0x00,0x00}},
  {0x6B64,{0x04,0x40,0x04,0x40,0x24,0x48,0x24,0x48,0x27,0x50,0x24,0x60,0x24,0x40,0x24,0x40,0x24,0x40,0x24,0x40,0x27,0x44,0x78,0x44,0x00,0x3C,0x00,0x00,0x00,0x00,0x00,0x00}},
  {0x6B65,{0x11,0x00,0x11,0xF8,0x11,0x00,0x11,0x00,0x7F,0xFC,0x00,0x00,0x09,0x00,0x11,0x10,0x21,0x20,0x01,0x40,0x01,0x80,0x0E,0x00,0x70,0x00,0x00,0x00,0x00,0x00,0x00,0x00}},
  {0x6B7B,{0x7F,0xFC,0x10,0x80,0x10,0x80,0x1E,0x80,0x22,0x88,0x22,0x90,0x52,0xA0,0x0C,0xC0,0x04,0x80,0x08,0x80,0x10,0x84,0x20,0x84,0x40,0x7C,0x00,0x00,0x00,0x00,0x00,0x00}},
  {0x6B91,{0x00,0x40,0x7D,0xFC,0x10,0x40,0x10,0x40,0x1D,0xF8,0x25,0x08,0x25,0x08,0x55,0xF8,0x08,0x90,0x08,0x90,0x11,0x10,0x21,0x14,0x42,0x0C,0x00,0x00,0x00,0x00,0x00,0x00}},
  {0x6BB5,{0x3C,0xF0,0x20,0x90,0x20,0x90,0x3C,0x90,0x21,0x0C,0x20,0x00,0x3D,0xF8,0x20,0x88,0x20,0x88,0x2E,0x50,0x70,0x20,0x20,0x50,0x21,0x8C,0x00,0x00,0x00,0x00,0x00,0x00}},
  {0x6BCD,{0x0F,0xF0,0x09,0x10,0x08,0x90,0x08,0x10,0x7F,0xFC,0x10,0x10,0x12,0x10,0x11,0x10,0x10,0x10,0x1F,0xFC,0x00,0x10,0x00,0x10,0x00,0x60,0x00,0x00,0x00,0x00,0x00,0x00}},
  {0x6BCF,{0x10,0x00,0x1F,0xF8,0x20,0x00,0x5F,0xF0,0x12,0x10,0x11,0x10,0x7F,0xFC,0x10,0x10,0x22,0x10,0x21,0x10,0x3F,0xF8,0x00,0x10,0x00,0x60,0x00,0x00,0x00,0x00,0x00,0x00}},
  {0x6C2B,{0x1F,0xFC,0x20,0x00,0x4F,0xF0,0x00,0x00,0x3F,0xF0,0x00,0x10,0x3F,0xD0,0x12,0x50,0x24,0x90,0x12,0x50,0x3F,0xD4,0x02,0x0C,0x7F,0xE4,0x00,0x00,0x00,0x00,0x00,0x00}},
  {0x6C2C,{0x1F,0xFC,0x20,0x00,0x4F,0xF0,0x00,0x00,0x3F,0xF0,0x00,0x10,0x3F,0xD0,0x09,0x10,0x39,0xD0,0x20,0x50,0x39,0xD4,0x09,0x0C,0x7F,0xC4,0x00,0x00,0x00,0x00,0x00,0x00}},
  {0x6C2D,{0x1F,0xF8,0x20,0x00,0x5F,0xF0,0x02,0x10,0x3F,0xF0,0x02,0x10,0x1F,0xD0,0x12,0x50,0x1F,0xD0,0x12,0x50,0x1F,0xD4,0x0A,0x8C,0x32,0x44,0x00,0x00,0x00,0x00,0x00,0x00}},
  {0x6C33,{0x20,0x00,0x5F,0xF0,0x00,0x00,0x3F,0xF0,0x00,0x10,0x1F,0xD0,0x12,0x50,0x15,0x50,0x1F,0xD0,0x00,0x10,0x1F,0xD4,0x15,0x4C,0x3F,0xE4,0x00,0x00,0x00,0x00,0x00,0x00}},
  {0x6C36,{0x1F,0xC0,0x00,0x40,0x00,0x88,0x01,0x10,0x3D,0xA0,0x05,0x40,0x09,0x40,0x09,0x20,0x11,0x10,0x21,0x08,0x41,0x04,0x01,0x00,0x07,0x00,0x00,0x00,0x00,0x00,0x00,0x00}},
  {0x6C42,{0x01,0x20,0x01,0x10,0x7F,0xFC,0x01,0x00,0x21,0x08,0x11,0x10,0x13,0xA0,0x05,0x40,0x09,0x20,0x11,0x10,0x61,0x0C,0x01,0x00,0x07,0x00,0x00,0x00,0x00,0x00,0x00,0x00}},
  {0x6C89,{0x27,0xF8,0x14,0x08,0x04,0x08,0x00,0x00,0x43,0xE0,0x22,0x20,0x0A,0x20,0x0A,0x20,0x12,0x20,0x12,0x20,0x24,0x24,0x24,0x24,0x08,0x1C,0x00,0x00,0x00,0x00,0x00,0x00}},
  {0x6CBF,{0x21,0xF0,0x11,0x10,0x09,0x10,0x01,0x10,0x41,0x10,0x22,0x0C,0x0C,0x00,0x0B,0xF8,0x12,0x08,0x12,0x08,0x22,0x08,0x23,0xF8,0x02,0x08,0x00,0x00,0x00,0x00,0x00,0x00}},
  {0x6CE2,{0x20,0x20,0x13,0xFC,0x0A,0x24,0x02,0x24,0x42,0x20,0x23,0xF8,0x0A,0x88,0x0A,0x88,0x12,0x48,0x12,0x50,0x24,0x20,0x24,0xD0,0x0B,0x0C,0x00,0x00,0x00,0x00,0x00,0x00}},
  {0x6CE8,{0x20,0x40,0x10,0x00,0x0B,0xF8,0x00,0x40,0x40,0x40,0x20,0x40,0x00,0x40,0x0B,0xF8,0x08,0x40,0x10,0x40,0x10,0x40,0x20,0x40,0x27,0xFC,0x00,0x00,0x00,0x00,0x00,0x00}},
  {0x6D16,{0x22,0x08,0x12,0x08,0x0B,0xF8,0x00,0x00,0x40,0x00,0x23,0xF8,0x08,0x40,0x08,0x40,0x17,0xFC,0x10,0xA0,0x21,0x10,0x22,0x08,0x04,0x04,0x00,0x00,0x00,0x00,0x00,0x00}},
  {0x6D30,{0x23,0xFC,0x12,0x00,0x0A,0x00,0x02,0x00,0x43,0xF8,0x22,0x08,0x02,0x08,0x0A,0x08,0x0B,0xF8,0x12,0x00,0x12,0x00,0x22,0x00,0x23,0xFC,0x00,0x00,0x00,0x00,0x00,0x00}},
  {0x6D38,{0x20,0x40,0x12,0x48,0x09,0x48,0x01,0x50,0x40,0x40,0x27,0xFC,0x01,0x20,0x09,0x20,0x09,0x20,0x11,0x20,0x12,0x24,0x22,0x24,0x24,0x1C,0x00,0x00,0x00,0x00,0x00,0x00}},
  {0x6D3F,{0x20,0x40,0x13,0xFC,0x01,0x10,0x42,0x08,0x25,0xF4,0x00,0x00,0x17,0xFC,0x11,0x00,0x21,0xF8,0x20,0x08,0x40,0x08,0x40,0x08,0x00,0x30,0x00,0x00,0x00,0x00,0x00,0x00}},
  {0x6D41,{0x20,0x20,0x13,0xFC,0x08,0x40,0x00,0x90,0x41,0x08,0x23,0xFC,0x08,0x04,0x09,0x50,0x11,0x50,0x11,0x50,0x21,0x50,0x22,0x54,0x04,0x0C,0x00,0x00,0x00,0x00,0x00,0x00}},
  {0x6D47,{0x20,0x80,0x10,0xB8,0x0B,0xC0,0x00,0x50,0x40,0x24,0x20,0xD4,0x0B,0x0C,0x08,0x00,0x13,0xF8,0x10,0xA0,0x20,0xA0,0x21,0x24,0x06,0x1C,0x00,0x00,0x00,0x00,0x00,0x00}},
  {0x6D4B,{0x27,0xC4,0x14,0x44,0x05,0x54,0x45,0x54,0x25,0x54,0x05,0x54,0x15,0x54,0x15,0x54,0x21,0x14,0x22,0x84,0x42,0x44,0x44,0x44,0x08,0x1C,0x00,0x00,0x00,0x00,0x00,0x00}},
  {0x6D5B,{0x20,0x40,0x10,0xA0,0x09,0x10,0x02,0x88,0x44,0x44,0x21,0xF0,0x08,0x10,0x08,0x20,0x11,0xF8,0x11,0x08,0x21,0x08,0x21,0xF8,0x01,0x08,0x00,0x00,0x00,0x00,0x00,0x00}},
  {0x6D5C,{0x20,0x30,0x13,0xC0,0x02,0x00,0x42,0x00,0x23,0xF8,0x02,0x20,0x12,0x20,0x12,0x20,0x2F,0xFC,0x20,0x00,0x41,0x20,0x42,0x10,0x04,0x08,0x00,0x00,0x00,0x00,0x00,0x00}},
  {0x6D60,{0x21,0x90,0x10,0x60,0x08,0x90,0x01,0x48,0x43,0xFC,0x20,0x80,0x09,0x20,0x0B,0xFC,0x15,0x24,0x11,0x24,0x21,0x24,0x21,0x2C,0x00,0x20,0x00,0x00,0x00,0x00,0x00,0x00}},
  {0x6D63,{0x20,0x20,0x13,0xFC,0x0A,0x04,0x00,0x00,0x41,0xF8,0x20,0x00,0x08,0x00,0x0B,0xFC,0x10,0x90,0x10,0x90,0x21,0x10,0x22,0x14,0x04,0x0C,0x00,0x00,0x00,0x00,0x00,0x00}},
  {0x6D7C,{0x21,0x00,0x11,0xF0,0x02,0x10,0x04,0x20,0x43,0xF8,0x22,0x48,0x0A,0x48,0x0B,0xF8,0x10,0xA0,0x10,0xA0,0x21,0x20,0x22,0x24,0x04,0x1C,0x00,0x00,0x00,0x00,0x00,0x00}},
  {0x6D88,{0x22,0x48,0x11,0x50,0x08,0x40,0x03,0xF8,0x42,0x08,0x22,0x08,0x0B,0xF8,0x0A,0x08,0x12,0x08,0x13,0xF8,0x22,0x08,0x22,0x08,0x02,0x38,0x00,0x00,0x00,0x00,0x00,0x00}},
  {0x6D93,{0x21,0xF8,0x11,0x08,0x09,0x08,0x01,0xF8,0x40,0x00,0x23,0xFC,0x0A,0x04,0x0B,0xFC,0x12,0x04,0x13,0xFC,0x22,0x04,0x22,0x04,0x02,0x1C,0x00,0x00,0x00,0x00,0x00,0x00}},
  {0x6D98,{0x20,0x80,0x11,0x10,0x0B,0xF8,0x00,0x08,0x41,0x00,0x21,0xF8,0x0A,0x40,0x08,0x40,0x13,0xFC,0x10,0x40,0x20,0xA0,0x21,0x10,0x06,0x0C,0x00,0x00,0x00,0x00,0x00,0x00}},
  {0x6DE1,{0x21,0x48,0x11,0x50,0x0A,0x40,0x00,0xA0,0x41,0x10,0x22,0x08,0x08,0x40,0x09,0x48,0x11,0x50,0x12,0x40,0x20,0xA0,0x21,0x10,0x02,0x0C,0x00,0x00,0x00,0x00,0x00,0x00}},
  {0x6DF1,{0x27,0xFC,0x14,0x04,0x01,0x10,0x42,0x08,0x24,0x44,0x00,0x40,0x17,0xFC,0x10,0xE0,0x21,0x50,0x21,0x50,0x42,0x48,0x44,0x44,0x00,0x40,0x00,0x00,0x00,0x00,0x00,0x00}},
  {0x6DF2,{0x20,0x78,0x10,0x40,0x0B,0xFC,0x02,0x44,0x42,0x70,0x23,0xC0,0x0A,0x48,0x0A,0x38,0x12,0x00,0x12,0xF0,0x22,0x90,0x24,0x94,0x01,0x0C,0x00,0x00,0x00,0x00,0x00,0x00}},
  {0x6DF7,{0x23,0xF8,0x12,0x08,0x0B,0xF8,0x02,0x08,0x43,0xF8,0x20,0x00,0x0A,0x24,0x0A,0x28,0x13,0xB0,0x12,0x20,0x22,0xA4,0x23,0x24,0x02,0x1C,0x00,0x00,0x00,0x00,0x00,0x00}},
  {0x6E05,{0x23,0xF8,0x10,0x40,0x0B,0xF8,0x00,0x40,0x47,0xFC,0x20,0x00,0x0B,0xF8,0x0A,0x08,0x13,0xF8,0x12,0x08,0x23,0xF8,0x22,0x08,0x02,0x38,0x00,0x00,0x00,0x00,0x00,0x00}},
  {0x6E24,{0x42,0x20,0x2F,0xA0,0x02,0x78,0x4F,0xA8,0x28,0xA8,0x0F,0x28,0x11,0x28,0x12,0x28,0x23,0x28,0x2E,0x28,0x42,0x48,0x42,0x48,0x0E,0xB0,0x00,0x00,0x00,0x00,0x00,0x00}},
  {0x6E32,{0x20,0x40,0x13,0xFC,0x0A,0x04,0x00,0x00,0x41,0xF8,0x20,0x00,0x09,0xF8,0x09,0x08,0x11,0xF8,0x11,0x08,0x21,0xF8,0x20,0x00,0x03,0xFC,0x00,0x00,0x00,0x00,0x00,0x00}},
  {0x6E38,{0x21,0x20,0x10,0x3C,0x07,0xA0,0x02,0x40,0x42,0x38,0x23,0x88,0x0A,0x90,0x0A,0xFC,0x12,0x90,0x12,0x90,0x24,0x90,0x25,0x90,0x08,0x30,0x00,0x00,0x00,0x00,0x00,0x00}},
  {0x6E41,{0x22,0x20,0x12,0x50,0x07,0x48,0x42,0x84,0x22,0x78,0x02,0x00,0x13,0x00,0x16,0x78,0x22,0x48,0x22,0x48,0x42,0x48,0x42,0x78,0x06,0x48,0x00,0x00,0x00,0x00,0x00,0x00}},
  {0x6E61,{0x23,0xF8,0x12,0x48,0x03,0xF8,0x42,0x48,0x23,0xF8,0x00,0x40,0x17,0xFC,0x14,0x44,0x24,0x54,0x25,0xF4,0x44,0x04,0x44,0x04,0x04,0x1C,0x00,0x00,0x00,0x00,0x00,0x00}},
  {0x6E6A,{0x20,0xF0,0x11,0x10,0x09,0xE0,0x00,0x20,0x47,0xFC,0x20,0x80,0x09,0x44,0x0A,0xA8,0x11,0x70,0x12,0xA8,0x21,0x28,0x22,0x24,0x00,0xC0,0x00,0x00,0x00,0x00,0x00,0x00}},
  {0x6E90,{0x23,0xFC,0x12,0x20,0x0A,0x40,0x02,0xF8,0x42,0x88,0x22,0xF8,0x0A,0x88,0x0A,0xF8,0x12,0x20,0x12,0xA8,0x24,0xA4,0x25,0x24,0x08,0x60,0x00,0x00,0x00,0x00,0x00,0x00}},
  {0x6EC3,{0x21,0x10,0x12,0x48,0x04,0x84,0x41,0x10,0x23,0xF8,0x00,0x00,0x17,0xBC,0x10,0x84,0x22,0x94,0x21,0x8C,0x42,0x94,0x44,0xA4,0x01,0x8C,0x00,0x00,0x00,0x00,0x00,0x00}},
  {0x6EC4,{0x20,0xA0,0x11,0x10,0x0A,0x4C,0x05,0xF0,0x41,0x10,0x21,0xF0,0x09,0x10,0x09,0xF0,0x12,0x00,0x13,0xF8,0x25,0x08,0x21,0xF8,0x01,0x08,0x00,0x00,0x00,0x00,0x00,0x00}},
  {0x6EDE,{0x21,0x50,0x17,0xFC,0x01,0x50,0x00,0x00,0x47,0xFC,0x24,0x44,0x08,0x40,0x0B,0xF8,0x12,0x48,0x12,0x48,0x22,0x48,0x22,0x58,0x00,0x40,0x00,0x00,0x00,0x00,0x00,0x00}},
  {0x6EE1,{0x27,0xFC,0x11,0x10,0x00,0x00,0x47,0xFC,0x21,0x10,0x01,0x10,0x17,0xFC,0x15,0x14,0x25,0x14,0x26,0xAC,0x44,0x04,0x44,0x04,0x04,0x1C,0x00,0x00,0x00,0x00,0x00,0x00}},
  {0x6F0F,{0x27,0xFC,0x14,0x04,0x07,0xFC,0x44,0x00,0x27,0xFC,0x04,0x20,0x15,0xFC,0x15,0x24,0x25,0xAC,0x25,0x24,0x45,0xAC,0x45,0x24,0x09,0x0C,0x00,0x00,0x00,0x00,0x00,0x00}},
  {0x6F14,{0x20,0x40,0x17,0xFC,0x04,0x04,0x03,0xF8,0x40,0x40,0x23,0xF8,0x0A,0x48,0x0B,0xF8,0x12,0x48,0x13,0xF8,0x20,0x00,0x21,0x10,0x02,0x08,0x00,0x00,0x00,0x00,0x00,0x00}},
  {0x6F43,{0x42,0xF8,0x24,0x88,0x09,0x50,0x42,0x20,0x22,0x50,0x05,0x8C,0x0C,0xF8,0x24,0x88,0x24,0xF8,0x44,0x88,0x44,0xF8,0x44,0x88,0x04,0x98,0x00,0x00,0x00,0x00,0x00,0x00}},
  {0x6F6B,{0x21,0x50,0x13,0xF8,0x08,0x40,0x03,0xFC,0x40,0x90,0x21,0x48,0x0A,0x94,0x09,0xE0,0x10,0x48,0x13,0xF8,0x20,0x40,0x21,0x50,0x02,0xC8,0x00,0x00,0x00,0x00,0x00,0x00}},
  {0x6F6F,{0x20,0x08,0x11,0xF8,0x08,0x08,0x03,0xF8,0x40,0x00,0x23,0xBC,0x09,0x24,0x0F,0xBC,0x10,0x10,0x13,0xFC,0x21,0x10,0x20,0x90,0x00,0x30,0x00,0x00,0x00,0x00,0x00,0x00}},
  {0x6FB6,{0x23,0xFC,0x10,0x00,0x0B,0xF8,0x02,0xA8,0x42,0xE8,0x22,0x08,0x0B,0xF8,0x09,0x10,0x11,0xF0,0x11,0x10,0x21,0xF0,0x20,0x00,0x07,0xFC,0x00,0x00,0x00,0x00,0x00,0x00}},
  {0x6FC5,{0x27,0xFC,0x14,0x14,0x01,0xF0,0x40,0x10,0x27,0xFC,0x04,0x44,0x13,0xF8,0x12,0x48,0x20,0x40,0x21,0xF0,0x41,0x10,0x40,0xE0,0x07,0x1C,0x00,0x00,0x00,0x00,0x00,0x00}},
  {0x6FC6,{0x23,0xF8,0x11,0x50,0x0B,0xFC,0x01,0x10,0x43,0xF8,0x22,0x08,0x0B,0xF8,0x0A,0x08,0x13,0xF8,0x12,0x08,0x23,0xF8,0x21,0x10,0x02,0x08,0x00,0x00,0x00,0x00,0x00,0x00}},
  {0x6FC7,{0x23,0xF8,0x11,0x50,0x09,0x50,0x02,0xE8,0x47,0xFC,0x20,0x00,0x0B,0xF8,0x0A,0x08,0x12,0xE8,0x12,0xA8,0x22,0xE8,0x22,0x08,0x03,0xF8,0x00,0x00,0x00,0x00,0x00,0x00}},
  {0x701B,{0x27,0xFC,0x12,0x00,0x0B,0xF8,0x00,0x00,0x43,0xF8,0x22,0x08,0x0B,0xF8,0x09,0x00,0x17,0xB8,0x12,0xA8,0x22,0xB8,0x21,0x28,0x02,0xCC,0x00,0x00,0x00,0x00,0x00,0x00}},
  {0x702F,{0x23,0x54,0x15,0xB8,0x01,0x10,0x02,0xA8,0x47,0xFC,0x22,0x04,0x09,0xF8,0x09,0x08,0x11,0xF8,0x10,0x00,0x23,0xFC,0x22,0x04,0x03,0xFC,0x00,0x00,0x00,0x00,0x00,0x00}},
  {0x7035,{0x27,0xFC,0x11,0x50,0x06,0x4C,0x03,0xF8,0x42,0x48,0x23,0xF8,0x0A,0x48,0x0B,0xF8,0x11,0x10,0x13,0xF8,0x21,0x10,0x27,0xFC,0x02,0x08,0x00,0x00,0x00,0x00,0x00,0x00}},
  {0x7039,{0x20,0xA0,0x11,0x10,0x06,0xEC,0x00,0x00,0x43,0xF8,0x22,0xA8,0x0B,0xF8,0x08,0x00,0x13,0xF8,0x12,0xA8,0x23,0xF8,0x22,0xA8,0x02,0x18,0x00,0x00,0x00,0x00,0x00,0x00}},
  {0x7047,{0x27,0xFC,0x11,0x10,0x07,0xFC,0x40,0x40,0x23,0xF8,0x00,0x40,0x17,0xFC,0x12,0x40,0x23,0xDC,0x22,0x54,0x43,0xD4,0x42,0xE8,0x07,0x54,0x00,0x00,0x00,0x00,0x00,0x00}},
  {0x7049,{0x55,0x24,0x2A,0xC0,0x00,0x7C,0x4F,0xA8,0x28,0xA8,0x0F,0xBC,0x00,0x28,0x2F,0xA8,0x2A,0xBC,0x4F,0xA8,0x48,0x28,0x48,0xBC,0x07,0xA0,0x00,0x00,0x00,0x00,0x00,0x00}},
  {0x704F,{0x49,0x7C,0x2F,0x10,0x09,0x20,0x4F,0x7C,0x22,0x44,0x0F,0xD4,0x00,0x54,0x2F,0x54,0x29,0x54,0x4F,0x54,0x42,0x28,0x4B,0x24,0x16,0xC4,0x00,0x00,0x00,0x00,0x00,0x00}},
  {0x705E,{0x20,0x40,0x17,0xFC,0x05,0x54,0x40,0x48,0x22,0x80,0x07,0xDC,0x12,0x94,0x13,0x9C,0x21,0x14,0x27,0xDC,0x45,0x54,0x4F,0xF4,0x01,0x2C,0x00,0x00,0x00,0x00,0x00,0x00}},
  {0x70B5,{0x10,0x80,0x14,0xF0,0x59,0x10,0x52,0xA0,0x50,0x40,0x50,0xA0,0x11,0x10,0x12,0x0C,0x10,0xC0,0x28,0x30,0x25,0x80,0x20,0x60,0x40,0x10,0x00,0x00,0x00,0x00,0x00,0x00}},
  {0x70B9,{0x02,0x00,0x03,0xF8,0x02,0x00,0x02,0x00,0x1F,0xF0,0x10,0x10,0x10,0x10,0x10,0x10,0x1F,0xF0,0x00,0x00,0x24,0x88,0x22,0x44,0x42,0x44,0x00,0x00,0x00,0x00,0x00,0x00}},
  {0x70C1,{0x10,0x38,0x15,0xC0,0x59,0x00,0x51,0x20,0x51,0x20,0x51,0xFC,0x10,0x20,0x10,0x20,0x11,0x28,0x29,0x24,0x2A,0x24,0x20,0x20,0x40,0xE0,0x00,0x00,0x00,0x00,0x00,0x00}},
  {0x70E7,{0x10,0x80,0x14,0xB8,0x5B,0xC0,0x50,0x50,0x50,0x24,0x50,0xD4,0x13,0x0C,0x10,0x00,0x13,0xF8,0x28,0xA0,0x24,0xA0,0x21,0x24,0x46,0x1C,0x00,0x00,0x00,0x00,0x00,0x00}},
  {0x7167,{0x24,0x88,0x24,0x88,0x24,0x88,0x3D,0x30,0x24,0x00,0x25,0xF8,0x25,0x08,0x25,0x08,0x3D,0xF8,0x00,0x00,0x24,0x88,0x22,0x44,0x42,0x44,0x00,0x00,0x00,0x00,0x00,0x00}},
  {0x7176,{0x11,0xF8,0x15,0x08,0x59,0xF8,0x51,0x08,0x51,0xF8,0x50,0x00,0x13,0xFC,0x10,0x20,0x11,0x20,0x29,0x38,0x29,0x20,0x22,0xA0,0x44,0x7C,0x00,0x00,0x00,0x00,0x00,0x00}},
  {0x7180,{0x13,0xF8,0x16,0x08,0x5B,0xF8,0x52,0x08,0x53,0xF8,0x50,0x40,0x12,0x48,0x11,0x50,0x17,0xFC,0x28,0xA0,0x28,0xA0,0x21,0x24,0x46,0x1C,0x00,0x00,0x00,0x00,0x00,0x00}},
  {0x71B4,{0x12,0x48,0x13,0xF8,0x54,0x00,0x5B,0xF8,0x52,0x08,0x53,0xF8,0x12,0x08,0x13,0xF8,0x12,0x20,0x2B,0xA8,0x2A,0x30,0x22,0xA4,0x43,0x1C,0x00,0x00,0x00,0x00,0x00,0x00}},
  {0x71B6,{0x11,0x10,0x15,0xF0,0x59,0x10,0x51,0xF0,0x50,0x00,0x57,0xFC,0x12,0x80,0x13,0xB8,0x12,0xA8,0x2B,0xA8,0x2A,0xD0,0x27,0x90,0x40,0xA8,0x00,0x00,0x00,0x00,0x00,0x00}},
  {0x71B8,{0x10,0x88,0x12,0xA8,0x57,0xFC,0x58,0x90,0x51,0xD4,0x52,0xAC,0x10,0x00,0x11,0xF8,0x11,0x08,0x29,0xF8,0x29,0x08,0x21,0xF8,0x41,0x08,0x00,0x00,0x00,0x00,0x00,0x00}},
  {0x721C,{0x17,0xFC,0x11,0x10,0x57,0xFC,0x58,0x40,0x53,0xF8,0x50,0x40,0x17,0xFC,0x12,0x40,0x13,0xDC,0x2A,0x54,0x2B,0xD4,0x22,0xE8,0x47,0x54,0x00,0x00,0x00,0x00,0x00,0x00}},
  {0x723E,{0x3F,0xF8,0x11,0x10,0x21,0x08,0x7F,0xFC,0x35,0x58,0x29,0x28,0x35,0x58,0x21,0x08,0x35,0x58,0x29,0x28,0x35,0x58,0x21,0x08,0x20,0x38,0x00,0x00,0x00,0x00,0x00,0x00}},
  {0x7247,{0x10,0x40,0x10,0x40,0x10,0x40,0x1F,0xF8,0x10,0x00,0x10,0x00,0x10,0x00,0x1F,0xE0,0x10,0x20,0x10,0x20,0x10,0x20,0x20,0x20,0x40,0x20,0x00,0x00,0x00,0x00,0x00,0x00}},
  {0x7248,{0x24,0x0C,0x24,0xF0,0x24,0x80,0x3E,0x80,0x20,0xF8,0x20,0xA8,0x3C,0xA8,0x24,0xA8,0x24,0xA8,0x24,0x90,0x24,0x90,0x25,0x28,0x46,0x44,0x00,0x00,0x00,0x00,0x00,0x00}},
  {0x7269,{0x08,0x80,0x28,0xFC,0x29,0x54,0x3E,0x54,0x28,0x54,0x48,0x94,0x0C,0x94,0x19,0x24,0x6A,0x24,0x08,0x44,0x08,0x84,0x09,0x04,0x08,0x18,0x00,0x00,0x00,0x00,0x00,0x00}},
  {0x72B3,{0x48,0x80,0x28,0xFC,0x11,0x04,0x2A,0x04,0x48,0x04,0x08,0x84,0x18,0x44,0x28,0x44,0x48,0x04,0x08,0x04,0x08,0x04,0x08,0x04,0x30,0x18,0x00,0x00,0x00,0x00,0x00,0x00}},
  {0x72B6,{0x08,0x50,0x48,0x48,0x28,0x40,0x2B,0xFC,0x08,0x40,0x08,0x40,0x18,0xA0,0x28,0xA0,0x48,0xA0,0x09,0x10,0x09,0x10,0x0A,0x08,0x0C,0x04,0x00,0x00,0x00,0x00,0x00,0x00}},
  {0x72EC,{0x48,0x40,0x28,0x40,0x13,0xF8,0x2A,0x48,0x4A,0x48,0x0A,0x48,0x1A,0x48,0x2B,0xF8,0x48,0x40,0x08,0x48,0x08,0x44,0x0F,0xFC,0x30,0x04,0x00,0x00,0x00,0x00,0x00,0x00}},
  {0x734A,{0x48,0xA0,0x29,0x10,0x12,0x4C,0x2D,0xF0,0x49,0x10,0x09,0xF0,0x19,0x10,0x29,0xF0,0x4A,0x00,0x0B,0xF8,0x0D,0x08,0x09,0xF8,0x31,0x08,0x00,0x00,0x00,0x00,0x00,0x00}},
  {0x7387,{0x01,0x00,0x3F,0xF8,0x01,0x00,0x42,0x44,0x27,0x88,0x11,0x10,0x22,0x48,0x47,0xE4,0x01,0x20,0x7F,0xFC,0x01,0x00,0x01,0x00,0x01,0x00,0x00,0x00,0x00,0x00,0x00,0x00}},
  {0x73A9,{0x01,0xF8,0x7C,0x00,0x10,0x00,0x10,0x00,0x13,0xFC,0x7C,0x90,0x10,0x90,0x10,0x90,0x10,0x90,0x1D,0x10,0x71,0x14,0x02,0x14,0x04,0x0C,0x00,0x00,0x00,0x00,0x00,0x00}},
  {0x73AF,{0x03,0xFC,0x7C,0x20,0x10,0x20,0x10,0x40,0x10,0x40,0x7C,0xD0,0x11,0x48,0x12,0x44,0x10,0x44,0x1C,0x40,0x70,0x40,0x00,0x40,0x00,0x40,0x00,0x00,0x00,0x00,0x00,0x00}},
  {0x73B0,{0x03,0xF8,0x7A,0x08,0x12,0x48,0x12,0x48,0x12,0x48,0x7A,0x48,0x12,0x48,0x12,0x48,0x10,0xA0,0x18,0xA0,0x61,0x24,0x02,0x24,0x04,0x1C,0x00,0x00,0x00,0x00,0x00,0x00}},
  {0x7403,{0x00,0x24,0x7C,0x20,0x11,0xFC,0x10,0x20,0x11,0x24,0x7C,0xA8,0x10,0x30,0x10,0x70,0x10,0xA8,0x1D,0x28,0x72,0x24,0x00,0x20,0x00,0xE0,0x00,0x00,0x00,0x00,0x00,0x00}},
  {0x7406,{0x03,0xF8,0x7A,0x48,0x12,0x48,0x13,0xF8,0x12,0x48,0x7A,0x48,0x13,0xF8,0x10,0x40,0x10,0x40,0x1B,0xF8,0x60,0x40,0x00,0x40,0x07,0xFC,0x00,0x00,0x00,0x00,0x00,0x00}},
  {0x741B,{0x03,0xFC,0x7A,0x04,0x10,0x90,0x11,0x08,0x12,0x44,0x78,0x40,0x13,0xF8,0x10,0xE0,0x11,0x50,0x19,0x50,0x62,0x48,0x04,0x44,0x00,0x40,0x00,0x00,0x00,0x00,0x00,0x00}},
  {0x7455,{0x03,0xB8,0x7A,0x88,0x12,0x88,0x13,0xB8,0x12,0x00,0x7A,0x00,0x13,0xB8,0x12,0x28,0x12,0x28,0x1B,0x90,0x62,0x10,0x02,0x28,0x02,0x44,0x00,0x00,0x00,0x00,0x00,0x00}},
  {0x7459,{0x7D,0x24,0x12,0x48,0x11,0x24,0x11,0x24,0x7C,0x40,0x11,0xFC,0x11,0x04,0x11,0x54,0x11,0x24,0x1D,0x54,0x71,0x04,0x01,0xFC,0x01,0x04,0x00,0x00,0x00,0x00,0x00,0x00}},
  {0x7470,{0x00,0x80,0x7B,0xF8,0x12,0x48,0x12,0x48,0x13,0xF8,0x7A,0x48,0x12,0x88,0x13,0xF8,0x10,0xD0,0x19,0x68,0x61,0x7C,0x02,0x44,0x04,0x3C,0x00,0x00,0x00,0x00,0x00,0x00}},
  {0x7481,{0x03,0xF8,0x7A,0x88,0x12,0xE8,0x13,0xA8,0x12,0x48,0x7A,0xA8,0x12,0x08,0x13,0xF8,0x10,0x40,0x18,0x28,0x62,0xA4,0x02,0x94,0x04,0x70,0x00,0x00,0x00,0x00,0x00,0x00}},
  {0x7487,{0x02,0x40,0x70,0x7C,0x2F,0x40,0x24,0x80,0x24,0x7C,0x77,0x14,0x25,0x10,0x25,0x5C,0x25,0x50,0x35,0x50,0x69,0x50,0x0B,0x50,0x10,0xBC,0x00,0x00,0x00,0x00,0x00,0x00}},
  {0x7490,{0x07,0xA0,0x74,0xB8,0x24,0xC8,0x24,0xA8,0x27,0x90,0x71,0x28,0x25,0x44,0x25,0xB8,0x25,0x28,0x35,0x28,0x65,0xA8,0x0E,0x38,0x00,0x28,0x00,0x00,0x00,0x00,0x00,0x00}},
  {0x74A7,{0x3E,0xFC,0x22,0x88,0x3E,0x50,0x40,0xFC,0x3E,0x20,0x22,0xF8,0x3E,0x20,0x00,0x00,0x3F,0xF8,0x01,0x00,0x1F,0xF0,0x01,0x20,0x7F,0xFC,0x00,0x00,0x00,0x00,0x00,0x00}},
  {0x74BA,{0x27,0xD8,0x24,0x48,0x37,0xD8,0x24,0x48,0x37,0x58,0x25,0x48,0x7F,0xFC,0x40,0x04,0x3F,0xF8,0x01,0x00,0x1F,0xF0,0x01,0x20,0x7F,0xFC,0x00,0x00,0x00,0x00,0x00,0x00}},
  {0x74E5,{0x38,0x20,0x2C,0x54,0x2A,0xB8,0x2A,0x50,0x2C,0xB8,0x4A,0x54,0x00,0x90,0x08,0x30,0x3E,0xF8,0x2A,0xA8,0x3E,0xF8,0x09,0x24,0x7F,0xFC,0x00,0x00,0x00,0x00,0x00,0x00}},
  {0x74E8,{0x00,0xF8,0x3E,0x40,0x08,0x40,0x08,0x70,0x08,0x90,0x08,0x90,0x08,0xD0,0x08,0xB0,0x0E,0x90,0x70,0x90,0x00,0x94,0x00,0xD4,0x00,0x8C,0x00,0x00,0x00,0x00,0x00,0x00}},
  {0x751F,{0x11,0x00,0x11,0x00,0x1F,0xF8,0x21,0x00,0x21,0x00,0x41,0x00,0x01,0x00,0x1F,0xF0,0x01,0x00,0x01,0x00,0x01,0x00,0x01,0x00,0x7F,0xFC,0x00,0x00,0x00,0x00,0x00,0x00}},
  {0x7528,{0x1F,0xFC,0x10,0x84,0x10,0x84,0x10,0x84,0x1F,0xFC,0x10,0x84,0x10,0x84,0x1F,0xFC,0x10,0x84,0x10,0x84,0x20,0x84,0x20,0x84,0x40,0x1C,0x00,0x00,0x00,0x00,0x00,0x00}},
  {0x7531,{0x01,0x00,0x01,0x00,0x3F,0xF8,0x21,0x08,0x21,0x08,0x21,0x08,0x21,0x08,0x3F,0xF8,0x21,0x08,0x21,0x08,0x21,0x08,0x21,0x08,0x3F,0xF8,0x00,0x00,0x00,0x00,0x00,0x00}},
  {0x7535,{0x01,0x00,0x01,0x00,0x3F,0xF8,0x21,0x08,0x21,0x08,0x3F,0xF8,0x21,0x08,0x21,0x08,0x3F,0xF8,0x21,0x00,0x01,0x04,0x01,0x04,0x00,0xFC,0x00,0x00,0x00,0x00,0x00,0x00}},
  {0x753B,{0x00,0x00,0x00,0x00,0x0F,0xE0,0x29,0x28,0x29,0x28,0x2F,0xE8,0x29,0x28,0x29,0x28,0x29,0x28,0x2F,0xE8,0x20,0x08,0x3F,0xF8,0x00,0x08,0x00,0x00,0x00,0x00,0x00,0x00}},
  {0x754C,{0x21,0x08,0x3F,0xF8,0x21,0x08,0x3F,0xF8,0x02,0x80,0x04,0x40,0x18,0x30,0x60,0x0C,0x08,0x20,0x08,0x20,0x08,0x20,0x10,0x20,0x20,0x20,0x00,0x00,0x00,0x00,0x00,0x00}},
  {0x7559,{0x78,0xFC,0x40,0x44,0x48,0x44,0x54,0x84,0x61,0x18,0x00,0x00,0x3F,0xF8,0x21,0x08,0x21,0x08,0x3F,0xF8,0x21,0x08,0x21,0x08,0x3F,0xF8,0x00,0x00,0x00,0x00,0x00,0x00}},
  {0x7565,{0x7C,0x40,0x54,0x78,0x54,0x88,0x55,0x50,0x7C,0x20,0x54,0x50,0x55,0x8C,0x54,0x00,0x54,0xF8,0x7C,0x88,0x44,0x88,0x00,0xF8,0x00,0x88,0x00,0x00,0x00,0x00,0x00,0x00}},
  {0x757B,{0x01,0x24,0x7C,0xA8,0x55,0xFC,0x54,0x40,0x57,0xFC,0x7C,0x90,0x55,0x08,0x56,0x24,0x54,0x20,0x7C,0xF8,0x44,0x20,0x00,0x20,0x01,0xFC,0x00,0x00,0x00,0x00,0x00,0x00}},
  {0x757E,{0x11,0x10,0x1F,0xF0,0x11,0x10,0x1F,0xF0,0x00,0x00,0x7E,0xFC,0x4A,0xA4,0x4A,0xA4,0x7E,0xFC,0x4A,0xA4,0x4A,0xA4,0x7E,0xFC,0x42,0x84,0x00,0x00,0x00,0x00,0x00,0x00}},
  {0x7584,{0x01,0x24,0x7C,0xA8,0x55,0xFC,0x54,0x70,0x54,0xA8,0x7D,0x24,0x54,0x88,0x54,0xDC,0x55,0x48,0x7E,0xA8,0x44,0xBC,0x01,0x08,0x02,0x08,0x00,0x00,0x00,0x00,0x00,0x00}},
  {0x760E,{0x1F,0xFC,0x10,0x00,0x51,0x10,0x37,0xFC,0x11,0x10,0x11,0xF0,0x31,0x10,0x51,0xF0,0x11,0x10,0x1F,0xFC,0x22,0x90,0x23,0x08,0x43,0xFC,0x00,0x00,0x00,0x00,0x00,0x00}},
  {0x7611,{0x1F,0xFC,0x10,0x00,0x53,0xF0,0x32,0x10,0x13,0xD0,0x12,0x50,0x37,0xF8,0x54,0x08,0x15,0xE8,0x15,0x28,0x25,0x28,0x25,0xE8,0x44,0x18,0x00,0x00,0x00,0x00,0x00,0x00}},
  {0x7627,{0x1F,0xFC,0x10,0x80,0x50,0xF0,0x30,0x80,0x17,0xF8,0x14,0x88,0x35,0xE0,0x54,0x90,0x15,0xF8,0x15,0x00,0x27,0xFC,0x25,0x00,0x49,0xF8,0x00,0x00,0x00,0x00,0x00,0x00}},
  {0x7684,{0x08,0x40,0x10,0x7C,0x3E,0x84,0x23,0x04,0x22,0x04,0x22,0x44,0x3E,0x24,0x22,0x24,0x22,0x04,0x22,0x04,0x22,0x04,0x3E,0x04,0x22,0x18,0x00,0x00,0x00,0x00,0x00,0x00}},
  {0x76AC,{0x20,0x40,0x47,0xFC,0x75,0x54,0x50,0x40,0x53,0x58,0x51,0x20,0x73,0xFC,0x56,0x40,0x5B,0xF8,0x52,0x40,0x73,0xF8,0x52,0x40,0x03,0xFC,0x00,0x00,0x00,0x00,0x00,0x00}},
  {0x76D1,{0x24,0x40,0x24,0x7C,0x24,0x80,0x25,0x20,0x24,0x10,0x04,0x10,0x00,0x00,0x1F,0xF0,0x12,0x90,0x12,0x90,0x12,0x90,0x12,0x90,0x7F,0xFC,0x00,0x00,0x00,0x00,0x00,0x00}},
  {0x76D6,{0x04,0x40,0x3F,0xF8,0x01,0x00,0x1F,0xF0,0x01,0x00,0x7F,0xFC,0x00,0x00,0x1F,0xF0,0x12,0x90,0x12,0x90,0x12,0x90,0x12,0x90,0x7F,0xFC,0x00,0x00,0x00,0x00,0x00,0x00}},
  {0x76EE,{0x20,0x08,0x20,0x08,0x20,0x08,0x3F,0xF8,0x20,0x08,0x20,0x08,0x20,0x08,0x3F,0xF8,0x20,0x08,0x20,0x08,0x20,0x08,0x3F,0xF8,0x20,0x08,0x00,0x00,0x00,0x00,0x00,0x00}},
  {0x76F4,{0x01,0x00,0x3F,0xF8,0x01,0x00,0x1F,0xF0,0x10,0x10,0x1F,0xF0,0x10,0x10,0x1F,0xF0,0x10,0x10,0x1F,0xF0,0x10,0x10,0x10,0x10,0x7F,0xFC,0x00,0x00,0x00,0x00,0x00,0x00}},
  {0x76F8,{0x08,0xFC,0x08,0x84,0x7E,0x84,0x08,0x84,0x18,0xFC,0x1C,0x84,0x2A,0x84,0x28,0xFC,0x48,0x84,0x08,0x84,0x08,0x84,0x08,0xFC,0x08,0x84,0x00,0x00,0x00,0x00,0x00,0x00}},
  {0x7730,{0x03,0xF8,0x78,0x40,0x48,0x90,0x49,0x08,0x7B,0xF8,0x48,0x48,0x48,0x40,0x78,0x40,0x4B,0xF8,0x48,0x40,0x78,0x40,0x48,0x40,0x07,0xFC,0x00,0x00,0x00,0x00,0x00,0x00}},
  {0x77AC,{0x77,0xE0,0x52,0x88,0x51,0x50,0x77,0xFC,0x54,0x04,0x51,0x08,0x71,0x08,0x53,0xBC,0x54,0x88,0x52,0xA8,0x71,0x3C,0x52,0x08,0x04,0x08,0x00,0x00,0x00,0x00,0x00,0x00}},
  {0x77D8,{0x77,0xFC,0x54,0x04,0x51,0xF0,0x71,0x10,0x57,0xFC,0x54,0x44,0x75,0x54,0x57,0xFC,0x50,0x40,0x53,0xF8,0x70,0x40,0x57,0xFC,0x02,0xA8,0x00,0x00,0x00,0x00,0x00,0x00}},
  {0x77E5,{0x10,0x00,0x10,0x7C,0x3E,0x44,0x28,0x44,0x48,0x44,0x08,0x44,0x7F,0x44,0x08,0x44,0x08,0x44,0x14,0x44,0x12,0x7C,0x22,0x44,0x40,0x00,0x00,0x00,0x00,0x00,0x00,0x00}},
  {0x77ED,{0x21,0xF8,0x3C,0x00,0x50,0x00,0x11,0xF8,0x11,0x08,0x11,0x08,0x7D,0x08,0x11,0xF8,0x10,0x00,0x29,0x08,0x24,0x90,0x24,0x00,0x43,0xFC,0x00,0x00,0x00,0x00,0x00,0x00}},
  {0x7801,{0x03,0xF0,0x7C,0x10,0x11,0x10,0x11,0x10,0x21,0x10,0x3D,0xFC,0x64,0x04,0x24,0x04,0x27,0xF4,0x24,0x04,0x3C,0x04,0x24,0x04,0x00,0x18,0x00,0x00,0x00,0x00,0x00,0x00}},
  {0x7816,{0x00,0x20,0x7D,0xFC,0x10,0x20,0x10,0x40,0x21,0xFC,0x3C,0x40,0x64,0x80,0x25,0xFC,0x24,0x04,0x24,0x08,0x3C,0x50,0x24,0x20,0x00,0x10,0x00,0x00,0x00,0x00,0x00,0x00}},
  {0x7834,{0x7C,0x20,0x11,0xFC,0x11,0x24,0x21,0x28,0x3D,0x20,0x65,0xF8,0x25,0x48,0x25,0x48,0x25,0x48,0x3D,0x50,0x25,0x20,0x02,0x50,0x04,0x8C,0x00,0x00,0x00,0x00,0x00,0x00}},
  {0x7840,{0x00,0x20,0x7D,0x24,0x11,0x24,0x11,0x24,0x21,0x24,0x3D,0xFC,0x64,0x20,0x25,0x24,0x25,0x24,0x25,0x24,0x3D,0x24,0x25,0xFC,0x00,0x04,0x00,0x00,0x00,0x00,0x00,0x00}},
  {0x7845,{0x00,0x20,0x7C,0xF8,0x10,0x20,0x10,0x20,0x21,0xFC,0x3C,0x00,0x64,0x20,0x24,0x20,0x24,0xF8,0x24,0x20,0x3C,0x20,0x24,0x20,0x01,0xFC,0x00,0x00,0x00,0x00,0x00,0x00}},
  {0x786C,{0x7D,0xFC,0x10,0x20,0x11,0xFC,0x21,0x24,0x3D,0x24,0x65,0xFC,0x25,0x24,0x25,0x24,0x25,0xFC,0x3C,0xA0,0x24,0x40,0x00,0xB0,0x03,0x0C,0x00,0x00,0x00,0x00,0x00,0x00}},
  {0x786E,{0x00,0xF8,0x7D,0x08,0x12,0x10,0x11,0xFC,0x21,0x24,0x3D,0x24,0x65,0xFC,0x25,0x24,0x25,0x24,0x25,0xFC,0x3D,0x24,0x21,0x24,0x02,0x0C,0x00,0x00,0x00,0x00,0x00,0x00}},
  {0x793A,{0x1F,0xF0,0x00,0x00,0x00,0x00,0x00,0x00,0x7F,0xFC,0x01,0x00,0x09,0x20,0x09,0x10,0x11,0x08,0x21,0x04,0x41,0x04,0x01,0x00,0x07,0x00,0x00,0x00,0x00,0x00,0x00,0x00}},
  {0x796B,{0x10,0x40,0x00,0xA0,0x79,0x10,0x0A,0x08,0x15,0xF4,0x10,0x00,0x38,0x00,0x57,0xF8,0x12,0x08,0x12,0x08,0x12,0x08,0x13,0xF8,0x12,0x08,0x00,0x00,0x00,0x00,0x00,0x00}},
  {0x7981,{0x08,0x20,0x7E,0xFC,0x08,0x20,0x1C,0x70,0x2A,0xA8,0x48,0x24,0x00,0x00,0x1F,0xF0,0x00,0x00,0x7F,0xFC,0x01,0x00,0x11,0x10,0x27,0x08,0x00,0x00,0x00,0x00,0x00,0x00}},
  {0x79BB,{0x01,0x00,0x7F,0xFC,0x00,0x00,0x14,0x50,0x13,0x90,0x14,0x50,0x1F,0xF0,0x01,0x00,0x3F,0xF8,0x24,0x48,0x2F,0xE8,0x20,0x08,0x20,0x38,0x00,0x00,0x00,0x00,0x00,0x00}},
  {0x79CD,{0x0C,0x20,0x70,0x20,0x11,0xFC,0x11,0x24,0x7D,0x24,0x11,0x24,0x19,0x24,0x35,0xFC,0x31,0x24,0x50,0x20,0x10,0x20,0x10,0x20,0x10,0x20,0x00,0x00,0x00,0x00,0x00,0x00}},
  {0x79D2,{0x38,0x20,0x08,0x20,0x08,0xA8,0x7E,0xA4,0x08,0xA4,0x19,0x20,0x1C,0x28,0x2A,0x28,0x28,0x10,0x48,0x10,0x08,0x20,0x08,0x40,0x08,0x80,0x00,0x00,0x00,0x00,0x00,0x00}},
  {0x79FB,{0x0C,0x40,0x70,0xF0,0x11,0x10,0x12,0xA0,0x7C,0x40,0x10,0x90,0x1B,0x20,0x34,0x7C,0x30,0x88,0x53,0x50,0x10,0x20,0x10,0xC0,0x13,0x00,0x00,0x00,0x00,0x00,0x00,0x00}},
  {0x7A0B,{0x0D,0xF8,0x71,0x08,0x11,0x08,0x11,0xF8,0x7C,0x00,0x10,0x00,0x19,0xF8,0x34,0x40,0x30,0x40,0x51,0xF8,0x10,0x40,0x10,0x40,0x13,0xFC,0x00,0x00,0x00,0x00,0x00,0x00}},
  {0x7A33,{0x70,0xF0,0x11,0x10,0x12,0x20,0x79,0xF8,0x10,0x08,0x10,0xF8,0x38,0x08,0x35,0xF8,0x50,0x40,0x10,0x28,0x12,0xA4,0x12,0x94,0x14,0x70,0x00,0x00,0x00,0x00,0x00,0x00}},
  {0x7A81,{0x01,0x00,0x7F,0xFC,0x44,0x44,0x48,0x24,0x11,0x10,0x01,0x40,0x01,0x20,0x7F,0xFC,0x01,0x00,0x02,0x80,0x04,0x40,0x18,0x30,0x60,0x0C,0x00,0x00,0x00,0x00,0x00,0x00}},
  {0x7A97,{0x01,0x00,0x7F,0xFC,0x48,0x24,0x12,0x10,0x04,0x00,0x3F,0xF8,0x22,0x08,0x27,0xE8,0x2A,0x48,0x21,0x88,0x2E,0x48,0x20,0x08,0x3F,0xF8,0x00,0x00,0x00,0x00,0x00,0x00}},
  {0x7ACB,{0x01,0x00,0x00,0x00,0x3F,0xF8,0x00,0x00,0x00,0x00,0x00,0x10,0x10,0x10,0x08,0x20,0x08,0x20,0x04,0x40,0x04,0x40,0x00,0x80,0x7F,0xFC,0x00,0x00,0x00,0x00,0x00,0x00}},
  {0x7ADF,{0x3F,0xF8,0x08,0x20,0x04,0x40,0x7F,0xFC,0x00,0x00,0x1F,0xF0,0x10,0x10,0x1F,0xF0,0x10,0x10,0x1F,0xF0,0x04,0x40,0x08,0x44,0x30,0x3C,0x00,0x00,0x00,0x00,0x00,0x00}},
  {0x7AEF,{0x09,0x24,0x09,0x24,0x7D,0x24,0x01,0xFC,0x04,0x00,0x45,0xFC,0x24,0x40,0x29,0xFC,0x29,0x54,0x01,0x54,0x0D,0x54,0x71,0x54,0x01,0x0C,0x00,0x00,0x00,0x00,0x00,0x00}},
  {0x7B09,{0x1E,0x7C,0x28,0x90,0x45,0x08,0x10,0x00,0x1F,0xF8,0x20,0x08,0x46,0x08,0x01,0x08,0x00,0x68,0x03,0x88,0x1C,0x08,0x00,0x10,0x00,0x60,0x00,0x00,0x00,0x00,0x00,0x00}},
  {0x7B0C,{0x1E,0x7C,0x28,0x90,0x45,0x08,0x00,0x00,0x3F,0xF8,0x08,0x40,0x08,0x40,0x1F,0xFC,0x02,0x40,0x04,0x40,0x18,0x40,0x60,0x40,0x01,0xC0,0x00,0x00,0x00,0x00,0x00,0x00}},
  {0x7B2C,{0x1E,0x7C,0x28,0x90,0x45,0x08,0x00,0x00,0x3F,0xF0,0x01,0x10,0x3F,0xF0,0x21,0x00,0x3F,0xF8,0x05,0x08,0x19,0x08,0x61,0x30,0x01,0x00,0x00,0x00,0x00,0x00,0x00,0x00}},
  {0x7B49,{0x1E,0x7C,0x28,0x90,0x45,0x08,0x01,0x00,0x1F,0xF0,0x01,0x00,0x7F,0xFC,0x00,0x40,0x3F,0xF8,0x00,0x40,0x08,0x40,0x04,0x40,0x01,0xC0,0x00,0x00,0x00,0x00,0x00,0x00}},
  {0x7B54,{0x1E,0x7C,0x28,0x90,0x45,0x08,0x02,0x80,0x04,0x40,0x18,0x30,0x67,0xCC,0x00,0x00,0x1F,0xF0,0x10,0x10,0x10,0x10,0x1F,0xF0,0x10,0x10,0x00,0x00,0x00,0x00,0x00,0x00}},
  {0x7B56,{0x1E,0x7C,0x28,0x90,0x45,0x08,0x01,0x00,0x7F,0xFC,0x01,0x00,0x3F,0xF8,0x21,0x08,0x23,0xB8,0x05,0x40,0x19,0x30,0x61,0x0C,0x01,0x00,0x00,0x00,0x00,0x00,0x00,0x00}},
  {0x7B80,{0x1E,0x7C,0x28,0x90,0x45,0x08,0x10,0x00,0x0B,0xFC,0x20,0x04,0x27,0xE4,0x24,0x24,0x27,0xE4,0x24,0x24,0x27,0xE4,0x20,0x04,0x20,0x1C,0x00,0x00,0x00,0x00,0x00,0x00}},
  {0x7B97,{0x3F,0x7C,0x44,0x90,0x1F,0xF0,0x10,0x10,0x1F,0xF0,0x10,0x10,0x1F,0xF0,0x10,0x10,0x1F,0xF0,0x04,0x40,0x7F,0xFC,0x08,0x40,0x10,0x40,0x00,0x00,0x00,0x00,0x00,0x00}},
  {0x7C2E,{0x3F,0x7C,0x44,0x90,0x08,0x20,0x3E,0xF8,0x08,0x20,0x7E,0xFC,0x14,0x50,0x22,0x88,0x5F,0xF4,0x10,0x10,0x1F,0xF0,0x10,0x10,0x1F,0xF0,0x00,0x00,0x00,0x00,0x00,0x00}},
  {0x7C32,{0x1E,0x7C,0x28,0x90,0x45,0x48,0x38,0x80,0x2B,0xF8,0x2A,0x48,0x3B,0xF8,0x2A,0x48,0x2B,0xF8,0x38,0xA0,0x2F,0xFC,0x28,0x20,0x58,0x20,0x00,0x00,0x00,0x00,0x00,0x00}},
  {0x7C7B,{0x11,0x10,0x09,0x20,0x7F,0xFC,0x05,0x40,0x09,0x20,0x11,0x10,0x60,0x08,0x01,0x00,0x7F,0xFC,0x02,0x80,0x04,0x40,0x18,0x30,0x60,0x0C,0x00,0x00,0x00,0x00,0x00,0x00}},
  {0x7C8E,{0x08,0xF8,0x4A,0x88,0x2C,0x88,0x08,0x88,0x7E,0xF8,0x08,0xA0,0x1C,0xA0,0x1A,0xA0,0x28,0x90,0x28,0x90,0x49,0x08,0x09,0x08,0x0A,0x04,0x00,0x00,0x00,0x00,0x00,0x00}},
  {0x7CA8,{0x11,0xFC,0x54,0x20,0x38,0x40,0x11,0xFC,0x7D,0x04,0x11,0x04,0x31,0x04,0x39,0xFC,0x55,0x04,0x51,0x04,0x11,0x04,0x11,0xFC,0x11,0x04,0x00,0x00,0x00,0x00,0x00,0x00}},
  {0x7CFB,{0x3F,0x00,0x02,0x00,0x04,0x20,0x08,0x40,0x1F,0x80,0x02,0x20,0x0C,0x10,0x3F,0xF8,0x01,0x08,0x09,0x20,0x11,0x10,0x21,0x08,0x07,0x00,0x00,0x00,0x00,0x00,0x00,0x00}},
  {0x7D11,{0x11,0xFC,0x24,0x20,0x24,0x20,0x78,0x40,0x08,0x40,0x10,0xD0,0x24,0xC8,0x7D,0x44,0x06,0x44,0x00,0x40,0x54,0x40,0x54,0x40,0x40,0x40,0x00,0x00,0x00,0x00,0x00,0x00}},
  {0x7D19,{0x10,0x38,0x25,0xE0,0x25,0x20,0x79,0x20,0x09,0x20,0x11,0xFC,0x25,0x20,0x7D,0x20,0x05,0x20,0x01,0x10,0x55,0x54,0x55,0x8C,0x41,0x04,0x00,0x00,0x00,0x00,0x00,0x00}},
  {0x7D1A,{0x11,0xF8,0x24,0x88,0x24,0x88,0x78,0x90,0x08,0xA0,0x10,0xBC,0x24,0x84,0x7C,0x84,0x04,0xC8,0x00,0xA8,0x55,0x10,0x55,0x28,0x42,0x44,0x00,0x00,0x00,0x00,0x00,0x00}},
  {0x7D1D,{0x10,0x1C,0x24,0xE0,0x24,0x20,0x78,0x20,0x08,0x20,0x10,0x20,0x25,0xFC,0x7C,0x20,0x04,0x20,0x00,0x20,0x54,0x20,0x54,0x20,0x40,0xFC,0x00,0x00,0x00,0x00,0x00,0x00}},
  {0x7D22,{0x3F,0xF8,0x01,0x00,0x01,0x00,0x7F,0xFC,0x44,0x04,0x08,0x40,0x1F,0x80,0x02,0x10,0x3F,0xF8,0x01,0x08,0x11,0x20,0x21,0x10,0x47,0x08,0x00,0x00,0x00,0x00,0x00,0x00}},
  {0x7D26,{0x10,0xF8,0x24,0xA8,0x24,0xA8,0x78,0xA8,0x08,0xA8,0x10,0xA8,0x24,0xF8,0x7E,0x80,0x02,0x80,0x00,0x80,0x54,0x84,0x54,0x84,0x40,0x7C,0x00,0x00,0x00,0x00,0x00,0x00}},
  {0x7D2D,{0x11,0xC8,0x24,0x48,0x24,0x48,0x79,0xC8,0x09,0x08,0x11,0x08,0x25,0xC8,0x7C,0x50,0x04,0x50,0x00,0x54,0x54,0x54,0x54,0x5C,0x41,0x84,0x00,0x00,0x00,0x00,0x00,0x00}},
  {0x7D30,{0x11,0xFC,0x25,0x24,0x25,0x24,0x79,0x24,0x09,0x24,0x11,0xFC,0x25,0x24,0x7D,0x24,0x05,0x24,0x01,0x24,0x55,0x24,0x55,0xFC,0x41,0x04,0x00,0x00,0x00,0x00,0x00,0x00}},
  {0x7D86,{0x11,0xFC,0x24,0x20,0x25,0xF8,0x79,0x28,0x09,0x28,0x11,0xF8,0x25,0x28,0x7D,0x28,0x05,0xF8,0x00,0xA0,0x54,0x40,0x54,0xB0,0x41,0x0C,0x00,0x00,0x00,0x00,0x00,0x00}},
  {0x7D88,{0x10,0x50,0x25,0xF8,0x24,0x28,0x78,0x28,0x09,0xF8,0x11,0x20,0x25,0x20,0x7D,0xFC,0x04,0x24,0x00,0x64,0x54,0xAC,0x55,0x20,0x40,0x20,0x00,0x00,0x00,0x00,0x00,0x00}},
  {0x7D98,{0x10,0xF8,0x25,0x08,0x26,0x90,0x78,0x60,0x09,0x9C,0x10,0x20,0x24,0xF8,0x7C,0x20,0x04,0xF8,0x00,0x20,0x55,0xFC,0x54,0x20,0x40,0x20,0x00,0x00,0x00,0x00,0x00,0x00}},
  {0x7DDE,{0x11,0xB8,0x25,0x28,0x25,0x28,0x79,0xA8,0x09,0x44,0x11,0x00,0x25,0xB8,0x7D,0x28,0x05,0x28,0x01,0xD0,0x57,0x10,0x55,0x28,0x41,0x44,0x00,0x00,0x00,0x00,0x00,0x00}},
  {0x7DE5,{0x10,0xFC,0x25,0x44,0x25,0x44,0x7B,0x7C,0x09,0x10,0x11,0x10,0x25,0xFC,0x7D,0x10,0x05,0x38,0x01,0x54,0x55,0x90,0x55,0x10,0x41,0x10,0x00,0x00,0x00,0x00,0x00,0x00}},
  {0x7DED,{0x11,0xFC,0x25,0x24,0x25,0xFC,0x79,0x24,0x09,0xFC,0x10,0x00,0x25,0xFC,0x7D,0x04,0x05,0xFC,0x01,0x04,0x55,0xFC,0x55,0x04,0x41,0x1C,0x00,0x00,0x00,0x00,0x00,0x00}},
  {0x7E40,{0x11,0x24,0x25,0x24,0x25,0xFC,0x78,0xA0,0x09,0x10,0x13,0xFC,0x25,0x20,0x7D,0xFC,0x05,0x20,0x01,0xFC,0x55,0x20,0x55,0xFC,0x41,0x00,0x00,0x00,0x00,0x00,0x00,0x00}},
  {0x7E41,{0x3F,0x20,0x40,0x3C,0x3E,0x48,0x2A,0xA8,0x7F,0x10,0x2A,0x28,0x3F,0x44,0x04,0x40,0x0F,0x80,0x02,0x10,0x3F,0xF8,0x11,0x20,0x23,0x10,0x00,0x00,0x00,0x00,0x00,0x00}},
  {0x7E43,{0x11,0x24,0x25,0xFC,0x24,0x00,0x79,0xDC,0x09,0x54,0x11,0x54,0x25,0xDC,0x7D,0x54,0x05,0xDC,0x01,0x54,0x55,0x54,0x56,0xD4,0x44,0x2C,0x00,0x00,0x00,0x00,0x00,0x00}},
  {0x7E54,{0x11,0xD8,0x24,0x14,0x25,0x50,0x78,0x90,0x0B,0xFC,0x10,0x14,0x25,0xD4,0x7D,0x58,0x05,0xD8,0x01,0x54,0x55,0xD4,0x54,0x2C,0x40,0x44,0x00,0x00,0x00,0x00,0x00,0x00}},
  {0x7E5A,{0x11,0xFC,0x24,0x20,0x25,0x54,0x78,0x88,0x09,0xFC,0x10,0x88,0x24,0xF8,0x7C,0x88,0x04,0xF8,0x00,0x20,0x54,0xA8,0x55,0x24,0x40,0x60,0x00,0x00,0x00,0x00,0x00,0x00}},
  {0x7E5B,{0x3E,0x10,0x08,0x1C,0x3E,0x10,0x08,0x7C,0x7F,0x44,0x12,0x7C,0x3C,0x44,0x09,0x7C,0x7F,0x10,0x08,0x7C,0x2A,0x10,0x49,0x10,0x18,0x10,0x00,0x00,0x00,0x00,0x00,0x00}},
  {0x7EA6,{0x10,0x80,0x24,0xFC,0x25,0x04,0x7A,0x04,0x08,0x04,0x10,0x84,0x20,0x44,0x7C,0x44,0x00,0x04,0x00,0x04,0x0C,0x04,0x70,0x04,0x00,0x18,0x00,0x00,0x00,0x00,0x00,0x00}},
  {0x7EA7,{0x13,0xF0,0x21,0x10,0x49,0x10,0x79,0x20,0x11,0x40,0x21,0x78,0x41,0x08,0x79,0x08,0x01,0x90,0x01,0x50,0x1A,0x20,0x62,0x50,0x04,0x8C,0x00,0x00,0x00,0x00,0x00,0x00}},
  {0x7EAD,{0x11,0xF8,0x24,0x00,0x24,0x00,0x78,0x00,0x0B,0xFC,0x10,0x40,0x20,0x40,0x7C,0x40,0x00,0x80,0x00,0x88,0x0D,0x04,0x73,0xFC,0x00,0x04,0x00,0x00,0x00,0x00,0x00,0x00}},
  {0x7EB0,{0x12,0x20,0x22,0x20,0x4A,0x24,0x7A,0x28,0x13,0xB0,0x22,0x20,0x42,0x20,0x7A,0x20,0x02,0x20,0x02,0x20,0x1A,0xA4,0x63,0x24,0x02,0x1C,0x00,0x00,0x00,0x00,0x00,0x00}},
  {0x7EBF,{0x10,0x48,0x24,0x40,0x24,0x78,0x79,0xC0,0x08,0x40,0x10,0x5C,0x21,0xE0,0x7C,0x48,0x00,0x50,0x00,0x24,0x0C,0x54,0x71,0x8C,0x00,0x04,0x00,0x00,0x00,0x00,0x00,0x00}},
  {0x7EC0,{0x11,0x08,0x25,0x08,0x27,0xFC,0x79,0x08,0x09,0x08,0x11,0x08,0x21,0xF8,0x7D,0x08,0x01,0x08,0x01,0x08,0x0D,0x08,0x71,0xF8,0x01,0x08,0x00,0x00,0x00,0x00,0x00,0x00}},
  {0x7EC4,{0x11,0xF8,0x25,0x08,0x25,0x08,0x79,0x08,0x09,0xF8,0x11,0x08,0x21,0x08,0x7D,0x08,0x01,0xF8,0x01,0x08,0x0D,0x08,0x71,0x08,0x03,0xFC,0x00,0x00,0x00,0x00,0x00,0x00}},
  {0x7EC6,{0x11,0xFC,0x25,0x24,0x25,0x24,0x79,0x24,0x09,0x24,0x11,0xFC,0x21,0x24,0x7D,0x24,0x01,0x24,0x01,0x24,0x0D,0x24,0x71,0xFC,0x01,0x04,0x00,0x00,0x00,0x00,0x00,0x00}},
  {0x7EC7,{0x11,0xF8,0x25,0x08,0x25,0x08,0x79,0x08,0x09,0x08,0x11,0x08,0x21,0xF8,0x7C,0x00,0x00,0x00,0x00,0x90,0x0C,0x88,0x71,0x04,0x02,0x04,0x00,0x00,0x00,0x00,0x00,0x00}},
  {0x7EC8,{0x10,0x80,0x20,0xF0,0x49,0x10,0x7A,0xA0,0x10,0x40,0x20,0xA0,0x41,0x10,0x7A,0x0C,0x00,0xC0,0x00,0x30,0x19,0x80,0x60,0x60,0x00,0x10,0x00,0x00,0x00,0x00,0x00,0x00}},
  {0x7ECB,{0x10,0xA0,0x23,0xF8,0x48,0xA8,0x78,0xA8,0x13,0xF8,0x22,0xA0,0x42,0xA0,0x7B,0xFC,0x00,0xA4,0x00,0xA4,0x19,0x24,0x61,0x2C,0x02,0x20,0x00,0x00,0x00,0x00,0x00,0x00}},
  {0x7ECF,{0x11,0xF8,0x24,0x10,0x24,0x20,0x78,0x50,0x08,0x88,0x11,0x04,0x22,0x00,0x7D,0xF8,0x00,0x20,0x00,0x20,0x0C,0x20,0x70,0x20,0x03,0xFC,0x00,0x00,0x00,0x00,0x00,0x00}},
  {0x7ED0,{0x10,0x40,0x24,0x80,0x24,0x90,0x79,0x08,0x0B,0xFC,0x10,0x04,0x20,0x00,0x7D,0xF8,0x01,0x08,0x01,0x08,0x0D,0x08,0x71,0xF8,0x01,0x08,0x00,0x00,0x00,0x00,0x00,0x00}},
  {0x7ED3,{0x10,0x40,0x27,0xFC,0x48,0x40,0x78,0x40,0x13,0xF8,0x20,0x00,0x40,0x00,0x7B,0xF8,0x02,0x08,0x02,0x08,0x1A,0x08,0x63,0xF8,0x02,0x08,0x00,0x00,0x00,0x00,0x00,0x00}},
  {0x7ED9,{0x10,0x40,0x20,0xA0,0x49,0x10,0x7A,0x08,0x15,0xF4,0x20,0x00,0x40,0x00,0x7B,0xF8,0x02,0x08,0x02,0x08,0x1A,0x08,0x63,0xF8,0x02,0x08,0x00,0x00,0x00,0x00,0x00,0x00}},
  {0x7EDF,{0x10,0x40,0x20,0x00,0x4B,0xFC,0x78,0x80,0x10,0x90,0x21,0x08,0x43,0xF8,0x78,0xA8,0x00,0xA0,0x01,0x20,0x19,0x24,0x62,0x24,0x04,0x1C,0x00,0x00,0x00,0x00,0x00,0x00}},
  {0x7EE7,{0x11,0x10,0x25,0x54,0x25,0x38,0x79,0x10,0x09,0x7C,0x11,0x10,0x21,0x38,0x7D,0x54,0x01,0x94,0x01,0x10,0x0D,0x10,0x71,0x00,0x01,0xFC,0x00,0x00,0x00,0x00,0x00,0x00}},
  {0x7EED,{0x10,0x40,0x21,0xF8,0x48,0x40,0x7B,0xFC,0x11,0x04,0x20,0xA8,0x42,0x20,0x79,0x20,0x03,0xFC,0x00,0x40,0x18,0x90,0x61,0x08,0x02,0x08,0x00,0x00,0x00,0x00,0x00,0x00}},
  {0x7EF4,{0x10,0x90,0x25,0x00,0x25,0xFC,0x7B,0x20,0x0D,0x20,0x11,0xF8,0x21,0x20,0x7D,0x20,0x01,0xF8,0x01,0x20,0x0D,0x20,0x71,0xFC,0x01,0x00,0x00,0x00,0x00,0x00,0x00,0x00}},
  {0x7EFE,{0x10,0x40,0x27,0xFC,0x4C,0x04,0x7B,0xF0,0x12,0x10,0x22,0x10,0x43,0xF0,0x7A,0x00,0x03,0xF8,0x02,0x08,0x1A,0x08,0x63,0xF8,0x02,0x08,0x00,0x00,0x00,0x00,0x00,0x00}},
  {0x7F01,{0x11,0x24,0x22,0x48,0x49,0x24,0x79,0x24,0x10,0x00,0x21,0xFC,0x41,0x24,0x79,0x24,0x01,0xFC,0x01,0x24,0x19,0x24,0x61,0xFC,0x01,0x04,0x00,0x00,0x00,0x00,0x00,0x00}},
  {0x7F02,{0x11,0x10,0x27,0xFC,0x49,0x10,0x79,0xF0,0x10,0x40,0x23,0xF8,0x42,0x48,0x7A,0x48,0x03,0xF8,0x00,0x40,0x1B,0xFC,0x60,0x40,0x00,0x40,0x00,0x00,0x00,0x00,0x00,0x00}},
  {0x7F13,{0x17,0xE0,0x22,0x88,0x49,0x50,0x7B,0xF8,0x10,0x80,0x27,0xFC,0x40,0x80,0x79,0xF8,0x01,0x48,0x02,0x50,0x1A,0x20,0x64,0x50,0x01,0x8C,0x00,0x00,0x00,0x00,0x00,0x00}},
  {0x7F18,{0x10,0xF0,0x21,0x10,0x49,0xE0,0x78,0x20,0x17,0xFC,0x20,0x80,0x41,0x44,0x7A,0xA8,0x01,0x70,0x02,0xA8,0x19,0x28,0x62,0x24,0x00,0xC0,0x00,0x00,0x00,0x00,0x00,0x00}},
  {0x7F3A,{0x20,0x40,0x3C,0x40,0x51,0xF8,0x10,0x48,0x10,0x48,0x7C,0x48,0x11,0xFC,0x10,0x40,0x54,0xA0,0x54,0xA0,0x5D,0x10,0x65,0x08,0x02,0x04,0x00,0x00,0x00,0x00,0x00,0x00}},
  {0x7F6E,{0x24,0x48,0x24,0x48,0x3F,0xF8,0x01,0x00,0x3F,0xF8,0x01,0x00,0x1F,0xF0,0x10,0x10,0x10,0x10,0x11,0x10,0x11,0x10,0x11,0x10,0x7F,0xFC,0x00,0x00,0x00,0x00,0x00,0x00}},
  {0x7F8E,{0x04,0x40,0x3F,0xF8,0x01,0x00,0x1F,0xF0,0x01,0x00,0x7F,0xFC,0x00,0x00,0x01,0x00,0x3F,0xF8,0x02,0x80,0x04,0x40,0x18,0x30,0x60,0x0C,0x00,0x00,0x00,0x00,0x00,0x00}},
  {0x7FFB,{0x38,0x6C,0x49,0x24,0x2A,0x24,0x7F,0xB4,0x2A,0x6C,0x49,0x24,0x00,0x24,0x3E,0x6C,0x2A,0xB4,0x3E,0x24,0x2A,0x24,0x3E,0x24,0x22,0x6C,0x00,0x00,0x00,0x00,0x00,0x00}},
  {0x8003,{0x02,0x08,0x1F,0xD0,0x02,0x20,0x7F,0xFC,0x01,0x80,0x06,0x00,0x1F,0xF8,0x68,0x00,0x0F,0xF0,0x00,0x10,0x00,0x10,0x00,0x10,0x00,0x60,0x00,0x00,0x00,0x00,0x00,0x00}},
  {0x8026,{0x11,0xF8,0x11,0x48,0x79,0xF8,0x11,0x48,0x39,0xF8,0x10,0x40,0x7B,0xFC,0x12,0x44,0x3A,0x54,0x36,0xF4,0x52,0x04,0x12,0x04,0x12,0x1C,0x00,0x00,0x00,0x00,0x00,0x00}},
  {0x8054,{0x7E,0x50,0x24,0x00,0x24,0xF8,0x3C,0x20,0x24,0x20,0x24,0x20,0x3D,0xFC,0x24,0x20,0x24,0x20,0x2E,0x50,0x74,0x50,0x04,0x88,0x05,0x04,0x00,0x00,0x00,0x00,0x00,0x00}},
  {0x80CC,{0x3C,0x58,0x04,0x60,0x0C,0x44,0x74,0x3C,0x00,0x00,0x1F,0xF0,0x10,0x10,0x1F,0xF0,0x10,0x10,0x1F,0xF0,0x10,0x10,0x10,0x10,0x10,0x70,0x00,0x00,0x00,0x00,0x00,0x00}},
  {0x80DC,{0x3C,0x20,0x25,0x20,0x25,0x20,0x25,0xFC,0x3D,0x20,0x26,0x20,0x24,0x20,0x3D,0xF8,0x24,0x20,0x24,0x20,0x24,0x20,0x24,0x20,0x4D,0xFC,0x00,0x00,0x00,0x00,0x00,0x00}},
  {0x80FD,{0x10,0x4C,0x22,0x70,0x7F,0x44,0x01,0x44,0x00,0x3C,0x3E,0x00,0x22,0x44,0x3E,0x48,0x22,0x70,0x3E,0x40,0x22,0x44,0x22,0x44,0x26,0x3C,0x00,0x00,0x00,0x00,0x00,0x00}},
  {0x811A,{0x39,0x3C,0x29,0x24,0x2B,0xA4,0x29,0x24,0x39,0x24,0x2F,0xE4,0x29,0x24,0x39,0x24,0x2A,0x24,0x2A,0xAC,0x2B,0xA0,0x28,0x20,0x58,0x20,0x00,0x00,0x00,0x00,0x00,0x00}},
  {0x81EA,{0x04,0x00,0x3F,0xF8,0x20,0x08,0x20,0x08,0x3F,0xF8,0x20,0x08,0x20,0x08,0x3F,0xF8,0x20,0x08,0x20,0x08,0x20,0x08,0x3F,0xF8,0x20,0x08,0x00,0x00,0x00,0x00,0x00,0x00}},
  {0x81F4,{0x7F,0x40,0x08,0x40,0x12,0x7C,0x21,0x88,0x7F,0x48,0x09,0x48,0x08,0x48,0x7F,0x50,0x08,0x50,0x08,0x20,0x0F,0x50,0x78,0x88,0x01,0x04,0x00,0x00,0x00,0x00,0x00,0x00}},
  {0x822A,{0x10,0x20,0x3C,0x00,0x25,0xFC,0x34,0x00,0x2C,0x00,0x24,0xF0,0x7C,0x90,0x24,0x90,0x34,0x90,0x2C,0x90,0x25,0x14,0x25,0x14,0x4E,0x0C,0x00,0x00,0x00,0x00,0x00,0x00}},
  {0x822C,{0x10,0xF0,0x3C,0x90,0x24,0x90,0x34,0x90,0x2D,0x0C,0x26,0x00,0x7D,0xF8,0x24,0x88,0x34,0x90,0x2C,0x50,0x24,0x20,0x24,0x50,0x4D,0x8C,0x00,0x00,0x00,0x00,0x00,0x00}},
  {0x8235,{0x10,0x20,0x3D,0xFC,0x25,0x04,0x34,0x00,0x2C,0x80,0x24,0x84,0x7C,0x98,0x24,0xE0,0x34,0x80,0x2C,0x80,0x24,0x84,0x24,0x84,0x4C,0x7C,0x00,0x00,0x00,0x00,0x00,0x00}},
  {0x8272,{0x08,0x00,0x1F,0xF0,0x20,0x20,0x40,0x40,0x3F,0xF8,0x21,0x08,0x21,0x08,0x21,0x08,0x3F,0xF8,0x20,0x00,0x20,0x04,0x20,0x04,0x1F,0xFC,0x00,0x00,0x00,0x00,0x00,0x00}},
  {0x8282,{0x08,0x20,0x7F,0xFC,0x08,0x20,0x08,0x20,0x00,0x00,0x3F,0xF8,0x02,0x08,0x02,0x08,0x02,0x08,0x02,0x08,0x02,0x30,0x02,0x00,0x02,0x00,0x00,0x00,0x00,0x00,0x00,0x00}},
  {0x82DF,{0x7F,0xFC,0x04,0x40,0x10,0x00,0x1F,0xF8,0x20,0x08,0x40,0x08,0x1F,0xC8,0x10,0x48,0x10,0x48,0x10,0x48,0x1F,0xC8,0x10,0x08,0x00,0x30,0x00,0x00,0x00,0x00,0x00,0x00}},
  {0x82E5,{0x08,0x20,0x7F,0xFC,0x0A,0x20,0x02,0x00,0x7F,0xFC,0x04,0x00,0x08,0x00,0x1F,0xF0,0x68,0x10,0x08,0x10,0x08,0x10,0x0F,0xF0,0x08,0x10,0x00,0x00,0x00,0x00,0x00,0x00}},
  {0x8303,{0x08,0x20,0x7F,0xFC,0x08,0x20,0x10,0x00,0x09,0xF8,0x01,0x08,0x21,0x08,0x11,0x08,0x01,0x30,0x05,0x00,0x09,0x04,0x11,0x04,0x20,0xFC,0x00,0x00,0x00,0x00,0x00,0x00}},
  {0x832C,{0x7F,0xFC,0x0A,0x20,0x02,0x00,0x7F,0xFC,0x04,0x00,0x08,0x40,0x18,0x40,0x2B,0xF8,0x48,0x40,0x08,0x40,0x08,0x40,0x0F,0xFC,0x08,0x00,0x00,0x00,0x00,0x00,0x00,0x00}},
  {0x8350,{0x04,0x40,0x7F,0xFC,0x04,0x40,0x02,0x00,0x7F,0xFC,0x04,0x00,0x09,0xF8,0x18,0x10,0x68,0x20,0x0B,0xFC,0x08,0x20,0x08,0x20,0x08,0xE0,0x00,0x00,0x00,0x00,0x00,0x00}},
  {0x8364,{0x7F,0xFC,0x08,0x20,0x00,0x00,0x7F,0xFC,0x42,0x04,0x3F,0xF8,0x04,0x00,0x09,0x00,0x1F,0xF0,0x01,0x00,0x7F,0xFC,0x01,0x00,0x01,0x00,0x00,0x00,0x00,0x00,0x00,0x00}},
  {0x83DC,{0x7F,0xFC,0x08,0x20,0x00,0x78,0x3F,0x90,0x12,0x10,0x09,0x20,0x01,0x00,0x7F,0xFC,0x03,0x80,0x05,0x40,0x19,0x30,0x61,0x0C,0x01,0x00,0x00,0x00,0x00,0x00,0x00,0x00}},
  {0x843D,{0x7F,0xFC,0x04,0x40,0x00,0x80,0x20,0xF0,0x11,0x10,0x0A,0xA0,0x40,0x40,0x21,0xB0,0x0E,0x0C,0x11,0xF0,0x11,0x10,0x21,0xF0,0x21,0x10,0x00,0x00,0x00,0x00,0x00,0x00}},
  {0x85C9,{0x7F,0xFC,0x04,0x40,0x10,0x90,0x7D,0xF8,0x10,0x90,0x3B,0xFC,0x10,0x00,0x7D,0xF8,0x11,0x08,0x39,0xF8,0x55,0x08,0x11,0xF8,0x11,0x08,0x00,0x00,0x00,0x00,0x00,0x00}},
  {0x8651,{0x01,0xF0,0x01,0x00,0x1F,0xFC,0x11,0x04,0x11,0xE0,0x17,0x08,0x10,0xF8,0x10,0x00,0x10,0x80,0x10,0x48,0x25,0x44,0x25,0x14,0x48,0xF0,0x00,0x00,0x00,0x00,0x00,0x00}},
  {0x8679,{0x08,0x00,0x08,0xF8,0x3E,0x20,0x2A,0x20,0x2A,0x20,0x2A,0x20,0x2A,0x20,0x3E,0x20,0x08,0x20,0x0A,0x20,0x0E,0x20,0x72,0x20,0x01,0xFC,0x00,0x00,0x00,0x00,0x00,0x00}},
  {0x86C7,{0x10,0x20,0x11,0xFC,0x7D,0x04,0x54,0x00,0x54,0x80,0x54,0x84,0x54,0x98,0x7C,0xE0,0x10,0x80,0x14,0x80,0x1E,0x84,0x72,0x84,0x00,0x7C,0x00,0x00,0x00,0x00,0x00,0x00}},
  {0x884C,{0x11,0xF8,0x20,0x00,0x48,0x00,0x08,0x00,0x13,0xFC,0x30,0x20,0x50,0x20,0x10,0x20,0x10,0x20,0x10,0x20,0x10,0x20,0x10,0x20,0x10,0xE0,0x00,0x00,0x00,0x00,0x00,0x00}},
  {0x8861,{0x23,0xDC,0x44,0x80,0x01,0x00,0x17,0xC0,0x25,0x5C,0x67,0xC8,0x25,0x48,0x27,0xC8,0x21,0x08,0x2F,0xC8,0x21,0x08,0x22,0x88,0x24,0x58,0x00,0x00,0x00,0x00,0x00,0x00}},
  {0x8868,{0x01,0x00,0x3F,0xF8,0x01,0x00,0x1F,0xF0,0x01,0x00,0x7F,0xFC,0x02,0x80,0x04,0x88,0x0C,0x50,0x14,0x20,0x65,0x10,0x06,0x0C,0x04,0x00,0x00,0x00,0x00,0x00,0x00,0x00}},
  {0x88AB,{0x10,0x20,0x01,0xFC,0x79,0x24,0x09,0x28,0x11,0x20,0x15,0xF8,0x39,0x48,0x55,0x48,0x11,0x48,0x11,0x50,0x11,0x20,0x12,0x50,0x14,0x8C,0x00,0x00,0x00,0x00,0x00,0x00}},
  {0x88F8,{0x13,0xF8,0x02,0x48,0x7B,0xF8,0x0A,0x48,0x13,0xF8,0x14,0x40,0x3B,0xFC,0x54,0x40,0x10,0xE0,0x11,0x50,0x12,0x48,0x14,0x44,0x10,0x40,0x00,0x00,0x00,0x00,0x00,0x00}},
  {0x8930,{0x7F,0xFC,0x44,0x44,0x1F,0xF0,0x04,0x40,0x1F,0xF0,0x04,0x40,0x7F,0xFC,0x09,0x20,0x1F,0xD0,0x65,0x0C,0x0C,0x90,0x36,0x60,0x04,0x18,0x00,0x00,0x00,0x00,0x00,0x00}},
  {0x8981,{0x04,0x40,0x04,0x40,0x3F,0xF8,0x24,0x48,0x24,0x48,0x3F,0xF8,0x02,0x00,0x7F,0xFC,0x04,0x20,0x0C,0x40,0x03,0x80,0x0C,0x70,0x70,0x08,0x00,0x00,0x00,0x00,0x00,0x00}},
  {0x8986,{0x04,0x40,0x3F,0xF8,0x24,0x48,0x3F,0xF8,0x12,0x00,0x27,0xFC,0x4A,0x48,0x13,0xF8,0x31,0x00,0x53,0xF8,0x15,0x10,0x10,0xE0,0x17,0x1C,0x00,0x00,0x00,0x00,0x00,0x00}},
  {0x89C4,{0x08,0xF8,0x08,0x88,0x3E,0x88,0x08,0xA8,0x08,0xA8,0x7E,0xA8,0x08,0xA8,0x08,0xA8,0x14,0x20,0x12,0x50,0x22,0x50,0x40,0x94,0x01,0x0C,0x00,0x00,0x00,0x00,0x00,0x00}},
  {0x89C6,{0x13,0xF8,0x02,0x08,0x7A,0x48,0x0A,0x48,0x12,0x48,0x1A,0x48,0x36,0x48,0x52,0x48,0x10,0xA0,0x10,0xA0,0x11,0x24,0x12,0x24,0x14,0x1C,0x00,0x00,0x00,0x00,0x00,0x00}},
  {0x89D2,{0x0F,0xE0,0x10,0x40,0x20,0x80,0x5F,0xF8,0x11,0x08,0x11,0x08,0x1F,0xF8,0x11,0x08,0x11,0x08,0x1F,0xF8,0x21,0x08,0x21,0x08,0x40,0x38,0x00,0x00,0x00,0x00,0x00,0x00}},
  {0x89E3,{0x1C,0xF8,0x24,0x48,0x48,0x48,0x3E,0x98,0x2A,0x20,0x2A,0xA0,0x3E,0xF8,0x2B,0x20,0x2A,0x20,0x3F,0xFC,0x2A,0x20,0x2A,0x20,0x46,0x20,0x00,0x00,0x00,0x00,0x00,0x00}},
  {0x89E6,{0x1C,0x20,0x24,0x20,0x48,0xF8,0x3E,0xA8,0x2A,0xA8,0x2A,0xA8,0x3E,0xA8,0x2A,0xF8,0x2A,0x20,0x3E,0x20,0x2A,0x28,0x2B,0xFC,0x46,0x04,0x00,0x00,0x00,0x00,0x00,0x00}},
  {0x8BA1,{0x10,0x40,0x10,0x40,0x00,0x40,0x00,0x40,0x77,0xFC,0x10,0x40,0x10,0x40,0x10,0x40,0x10,0x40,0x14,0x40,0x18,0x40,0x10,0x40,0x00,0x40,0x00,0x00,0x00,0x00,0x00,0x00}},
  {0x8BA4,{0x10,0x40,0x10,0x40,0x00,0x40,0x70,0x40,0x10,0x40,0x10,0x40,0x10,0xA0,0x10,0xA0,0x14,0xA0,0x19,0x10,0x11,0x10,0x02,0x08,0x04,0x04,0x00,0x00,0x00,0x00,0x00,0x00}},
  {0x8BAE,{0x10,0x40,0x10,0x48,0x02,0x08,0x02,0x08,0x71,0x10,0x11,0x10,0x10,0xA0,0x10,0xA0,0x10,0x40,0x14,0xA0,0x19,0x10,0x12,0x08,0x04,0x04,0x00,0x00,0x00,0x00,0x00,0x00}},
  {0x8BB0,{0x13,0xF8,0x10,0x08,0x00,0x08,0x00,0x08,0x70,0x08,0x13,0xF8,0x12,0x00,0x12,0x00,0x12,0x00,0x16,0x00,0x1A,0x04,0x12,0x04,0x01,0xFC,0x00,0x00,0x00,0x00,0x00,0x00}},
  {0x8BBA,{0x10,0x40,0x10,0xA0,0x00,0xA0,0x01,0x10,0x72,0x08,0x15,0x04,0x11,0x10,0x11,0x20,0x11,0xC0,0x15,0x00,0x19,0x08,0x11,0x08,0x00,0xF8,0x00,0x00,0x00,0x00,0x00,0x00}},
  {0x8BBE,{0x11,0xF0,0x11,0x10,0x01,0x10,0x01,0x10,0x72,0x0C,0x14,0x00,0x13,0xF8,0x11,0x08,0x11,0x10,0x14,0xA0,0x18,0x40,0x11,0xB0,0x06,0x0C,0x00,0x00,0x00,0x00,0x00,0x00}},
  {0x8BC1,{0x13,0xFC,0x10,0x20,0x00,0x20,0x00,0x20,0x71,0x20,0x11,0x3C,0x11,0x20,0x11,0x20,0x11,0x20,0x15,0x20,0x19,0x20,0x11,0x20,0x07,0xFC,0x00,0x00,0x00,0x00,0x00,0x00}},
  {0x8BCA,{0x10,0x40,0x10,0xA0,0x01,0x10,0x06,0x4C,0x70,0x80,0x11,0x00,0x12,0x20,0x10,0x40,0x10,0x88,0x13,0x10,0x18,0x20,0x10,0xC0,0x03,0x00,0x00,0x00,0x00,0x00,0x00,0x00}},
  {0x8BD5,{0x10,0x24,0x10,0x20,0x07,0xFC,0x00,0x20,0x70,0x20,0x13,0xA0,0x11,0x20,0x11,0x20,0x11,0x10,0x15,0x14,0x19,0xD4,0x17,0x0C,0x00,0x04,0x00,0x00,0x00,0x00,0x00,0x00}},
  {0x8BE5,{0x10,0x40,0x13,0xFC,0x00,0x40,0x00,0x90,0x71,0x10,0x13,0xE0,0x10,0x48,0x10,0x88,0x11,0x10,0x12,0x20,0x18,0x50,0x10,0x88,0x03,0x08,0x00,0x00,0x00,0x00,0x00,0x00}},
  {0x8BE7,{0x10,0x20,0x13,0xFC,0x02,0x04,0x02,0x04,0x70,0x38,0x11,0xC0,0x10,0x40,0x10,0x5C,0x13,0xE0,0x10,0x40,0x18,0x44,0x10,0x44,0x00,0x3C,0x00,0x00,0x00,0x00,0x00,0x00}},
  {0x8BEF,{0x12,0x08,0x12,0x08,0x03,0xF8,0x00,0x00,0x70,0x00,0x13,0xF8,0x10,0x40,0x10,0x40,0x17,0xFC,0x10,0xA0,0x19,0x10,0x12,0x08,0x04,0x04,0x00,0x00,0x00,0x00,0x00,0x00}},
  {0x8BF2,{0x11,0x00,0x11,0xFC,0x02,0x00,0x05,0xF8,0x71,0x48,0x11,0x28,0x17,0xFC,0x11,0x08,0x12,0x48,0x16,0x28,0x1B,0xFC,0x10,0x08,0x00,0x30,0x00,0x00,0x00,0x00,0x00,0x00}},
  {0x8BF4,{0x11,0x10,0x11,0x20,0x03,0xF8,0x72,0x08,0x12,0x08,0x12,0x08,0x13,0xF8,0x11,0x20,0x15,0x20,0x19,0x20,0x12,0x24,0x02,0x24,0x04,0x1C,0x00,0x00,0x00,0x00,0x00,0x00}},
  {0x8BF7,{0x13,0xF8,0x10,0x40,0x03,0xF8,0x00,0x40,0x77,0xFC,0x10,0x00,0x13,0xF8,0x12,0x08,0x13,0xF8,0x16,0x08,0x1B,0xF8,0x12,0x08,0x02,0x38,0x00,0x00,0x00,0x00,0x00,0x00}},
  {0x8BFB,{0x10,0x40,0x13,0xF8,0x00,0x40,0x07,0xFC,0x71,0x04,0x10,0xA8,0x12,0x20,0x11,0x20,0x17,0xFC,0x10,0x40,0x18,0x90,0x11,0x08,0x02,0x08,0x00,0x00,0x00,0x00,0x00,0x00}},
  {0x8BFE,{0x13,0xF8,0x12,0x48,0x03,0xF8,0x72,0x48,0x13,0xF8,0x10,0x40,0x13,0xFC,0x10,0x40,0x14,0xE0,0x19,0x50,0x12,0x48,0x04,0x44,0x00,0x40,0x00,0x00,0x00,0x00,0x00,0x00}},
  {0x8C03,{0x13,0xFC,0x12,0x44,0x02,0x44,0x72,0xF4,0x12,0x44,0x13,0xFC,0x12,0x04,0x12,0xF4,0x16,0x94,0x1A,0x94,0x12,0xF4,0x02,0x04,0x04,0x1C,0x00,0x00,0x00,0x00,0x00,0x00}},
  {0x8D1F,{0x0F,0xF0,0x10,0x10,0x20,0x20,0x40,0x40,0x3F,0xF8,0x20,0x08,0x21,0x08,0x21,0x08,0x21,0x08,0x22,0x88,0x04,0x60,0x18,0x18,0x60,0x04,0x00,0x00,0x00,0x00,0x00,0x00}},
  {0x8D25,{0x7C,0x80,0x44,0x80,0x54,0xFC,0x55,0x08,0x56,0x88,0x54,0x88,0x54,0x88,0x54,0x50,0x54,0x50,0x10,0x20,0x28,0x50,0x24,0x88,0x43,0x04,0x00,0x00,0x00,0x00,0x00,0x00}},
  {0x8D28,{0x1F,0x80,0x10,0x80,0x10,0x80,0x1F,0xFC,0x10,0x80,0x10,0x80,0x17,0xF8,0x14,0x08,0x14,0x88,0x14,0x88,0x21,0x60,0x22,0x18,0x4C,0x04,0x00,0x00,0x00,0x00,0x00,0x00}},
  {0x8D2A,{0x02,0x80,0x04,0x40,0x19,0x30,0x67,0xCC,0x00,0x40,0x00,0x80,0x1F,0xF0,0x10,0x10,0x11,0x10,0x11,0x10,0x02,0xC0,0x0C,0x30,0x70,0x08,0x00,0x00,0x00,0x00,0x00,0x00}},
  {0x8D39,{0x3F,0xF8,0x04,0x48,0x3F,0xF8,0x24,0x40,0x3F,0xFC,0x08,0x44,0x10,0x58,0x7F,0xF0,0x10,0x10,0x11,0x10,0x11,0x10,0x06,0xE0,0x38,0x18,0x00,0x00,0x00,0x00,0x00,0x00}},
  {0x8D44,{0x11,0xF8,0x02,0x48,0x04,0x40,0x10,0xA0,0x21,0x10,0x46,0x0C,0x1F,0xF0,0x10,0x10,0x11,0x10,0x11,0x10,0x02,0xC0,0x0C,0x30,0x70,0x08,0x00,0x00,0x00,0x00,0x00,0x00}},
  {0x8D56,{0x08,0x78,0x7E,0x88,0x09,0x10,0x3E,0x20,0x2A,0xF8,0x2A,0x88,0x2A,0xA8,0x3E,0xA8,0x08,0xA8,0x1C,0xA8,0x2A,0x50,0x48,0x88,0x09,0x04,0x00,0x00,0x00,0x00,0x00,0x00}},
  {0x8D77,{0x08,0xF8,0x3E,0x08,0x08,0x08,0x08,0x08,0x7E,0xF8,0x08,0x80,0x08,0x80,0x2E,0x84,0x28,0x84,0x28,0x7C,0x28,0x00,0x58,0x00,0x47,0xFC,0x00,0x00,0x00,0x00,0x00,0x00}},
  {0x8D85,{0x09,0xF8,0x08,0x88,0x3E,0x88,0x08,0x88,0x09,0x30,0x7E,0x00,0x08,0xF8,0x28,0x88,0x2E,0x88,0x28,0x88,0x28,0xF8,0x58,0x00,0x47,0xFC,0x00,0x00,0x00,0x00,0x00,0x00}},
  {0x8DB3,{0x1F,0xF0,0x10,0x10,0x10,0x10,0x10,0x10,0x1F,0xF0,0x01,0x00,0x01,0x00,0x11,0x00,0x11,0xF8,0x11,0x00,0x11,0x00,0x29,0x00,0x47,0xFC,0x00,0x00,0x00,0x00,0x00,0x00}},
  {0x8DE8,{0x78,0x40,0x4B,0xFC,0x48,0x90,0x49,0x08,0x7A,0xF4,0x10,0x00,0x53,0xFC,0x59,0x00,0x51,0xF8,0x50,0x08,0x58,0x08,0x60,0x08,0x00,0x30,0x00,0x00,0x00,0x00,0x00,0x00}},
  {0x8DEF,{0x3C,0x40,0x24,0x78,0x24,0x88,0x25,0x50,0x3C,0x20,0x08,0x50,0x29,0x8C,0x2E,0x00,0x28,0xF8,0x28,0x88,0x2E,0x88,0x70,0xF8,0x00,0x88,0x00,0x00,0x00,0x00,0x00,0x00}},
  {0x8DF3,{0x3C,0xA0,0x24,0xA4,0x26,0xA8,0x25,0xB0,0x3C,0xA0,0x08,0xA0,0x29,0xB0,0x2E,0xA8,0x28,0xA4,0x29,0x20,0x2D,0x24,0x72,0x24,0x04,0x1C,0x00,0x00,0x00,0x00,0x00,0x00}},
  {0x8DFA,{0x79,0xF0,0x49,0x10,0x49,0x10,0x49,0x10,0x7A,0x4C,0x14,0x40,0x53,0xFC,0x58,0x40,0x50,0xE0,0x51,0x50,0x5A,0x48,0x64,0x44,0x00,0x40,0x00,0x00,0x00,0x00,0x00,0x00}},
  {0x8E47,{0x7F,0xFC,0x44,0x44,0x3F,0xF8,0x04,0x40,0x7F,0xFC,0x08,0x20,0x1F,0xF0,0x68,0x2C,0x0F,0xE0,0x11,0x00,0x11,0xF0,0x29,0x00,0x47,0xFC,0x00,0x00,0x00,0x00,0x00,0x00}},
  {0x8F6C,{0x10,0x20,0x7D,0xFC,0x20,0x20,0x20,0x40,0x51,0xFC,0x7C,0x40,0x10,0x80,0x11,0xFC,0x1C,0x04,0x70,0x08,0x10,0x50,0x10,0x20,0x10,0x10,0x00,0x00,0x00,0x00,0x00,0x00}},
  {0x8F6E,{0x10,0x40,0x7C,0xA0,0x20,0xA0,0x21,0x10,0x52,0x08,0x7D,0x04,0x11,0x10,0x11,0x20,0x1D,0xC0,0x71,0x00,0x11,0x08,0x11,0x08,0x10,0xF8,0x00,0x00,0x00,0x00,0x00,0x00}},
  {0x8F6F,{0x08,0x40,0x7E,0x40,0x10,0x7C,0x28,0x84,0x28,0x88,0x7F,0x20,0x08,0x20,0x08,0x20,0x0E,0x20,0x78,0x50,0x08,0x50,0x08,0x88,0x09,0x04,0x00,0x00,0x00,0x00,0x00,0x00}},
  {0x8F70,{0x3F,0xF8,0x04,0x00,0x09,0x00,0x1F,0xF0,0x01,0x00,0x7F,0xFC,0x01,0x00,0x01,0x00,0x3E,0xF8,0x02,0x88,0x12,0x48,0x0C,0x30,0x32,0xCC,0x00,0x00,0x00,0x00,0x00,0x00}},
  {0x8F74,{0x10,0x20,0x7C,0x20,0x21,0xFC,0x21,0x24,0x51,0x24,0x7D,0x24,0x11,0xFC,0x11,0x24,0x1D,0x24,0x71,0x24,0x11,0x24,0x11,0xFC,0x11,0x04,0x00,0x00,0x00,0x00,0x00,0x00}},
  {0x8F7B,{0x11,0xF8,0x7C,0x10,0x20,0x20,0x20,0x50,0x50,0x88,0x7D,0x04,0x12,0x00,0x11,0xF8,0x1C,0x20,0x70,0x20,0x10,0x20,0x10,0x20,0x13,0xFC,0x00,0x00,0x00,0x00,0x00,0x00}},
  {0x8F7D,{0x08,0x50,0x3E,0x48,0x08,0x40,0x7F,0xFC,0x10,0x40,0x7F,0x48,0x10,0x48,0x28,0x50,0x3E,0x50,0x08,0x24,0x7F,0x54,0x08,0x8C,0x09,0x04,0x00,0x00,0x00,0x00,0x00,0x00}},
  {0x8F83,{0x10,0x20,0x7D,0xFC,0x20,0x00,0x20,0x50,0x50,0x88,0x7D,0x04,0x10,0x88,0x10,0x88,0x1C,0x50,0x70,0x20,0x10,0x50,0x10,0x88,0x11,0x04,0x00,0x00,0x00,0x00,0x00,0x00}},
  {0x8F91,{0x11,0xF8,0x7D,0x08,0x21,0xF8,0x20,0x00,0x53,0xFC,0x7D,0x08,0x11,0xF8,0x11,0x08,0x1D,0xF8,0x71,0x08,0x11,0x3C,0x13,0xC8,0x10,0x08,0x00,0x00,0x00,0x00,0x00,0x00}},
  {0x8F93,{0x20,0xA0,0x79,0x10,0x22,0x08,0x45,0xF4,0x50,0x00,0x7B,0xC4,0x12,0x54,0x13,0xD4,0x1A,0x54,0x73,0xD4,0x12,0x54,0x12,0x44,0x12,0xDC,0x00,0x00,0x00,0x00,0x00,0x00}},
  {0x8FA9,{0x11,0x10,0x7D,0x7C,0x00,0x00,0x28,0x28,0x13,0x10,0x7D,0x7C,0x11,0x10,0x11,0x10,0x39,0x38,0x11,0x10,0x11,0x90,0x21,0x10,0x40,0x10,0x00,0x00,0x00,0x00,0x00,0x00}},
  {0x8FAB,{0x10,0x88,0x7D,0x3C,0x01,0x20,0x2B,0xD4,0x10,0x48,0x7C,0x9C,0x11,0x08,0x13,0xC8,0x38,0x1C,0x10,0xC8,0x13,0x08,0x20,0x08,0x40,0x08,0x00,0x00,0x00,0x00,0x00,0x00}},
  {0x8FB9,{0x20,0x80,0x10,0x80,0x17,0xF8,0x00,0x88,0x00,0x88,0x70,0x88,0x10,0x88,0x11,0x08,0x11,0x08,0x12,0x08,0x14,0x30,0x28,0x00,0x47,0xFC,0x00,0x00,0x00,0x00,0x00,0x00}},
  {0x8FC1,{0x13,0xC0,0x10,0x40,0x00,0x40,0x00,0x40,0x77,0xFC,0x10,0x40,0x10,0x40,0x10,0x40,0x10,0x40,0x10,0x40,0x10,0x40,0x28,0x00,0x47,0xFC,0x00,0x00,0x00,0x00,0x00,0x00}},
  {0x8FC7,{0x20,0x10,0x10,0x10,0x17,0xFC,0x00,0x10,0x02,0x10,0x71,0x10,0x11,0x10,0x10,0x10,0x10,0x10,0x10,0x10,0x10,0x70,0x28,0x00,0x47,0xFC,0x00,0x00,0x00,0x00,0x00,0x00}},
  {0x8FD0,{0x23,0xF0,0x10,0x00,0x10,0x00,0x00,0x00,0x07,0xFC,0x70,0x80,0x10,0x80,0x11,0x20,0x12,0x10,0x17,0xF8,0x10,0x08,0x28,0x00,0x47,0xFC,0x00,0x00,0x00,0x00,0x00,0x00}},
  {0x8FD1,{0x13,0xC0,0x12,0x00,0x02,0x00,0x02,0x00,0x73,0xFC,0x12,0x10,0x12,0x10,0x12,0x10,0x12,0x10,0x12,0x10,0x14,0x10,0x28,0x00,0x47,0xFC,0x00,0x00,0x00,0x00,0x00,0x00}},
  {0x8FD4,{0x23,0xC0,0x12,0x00,0x12,0x00,0x03,0xF8,0x02,0x08,0x72,0x90,0x12,0x50,0x12,0x20,0x12,0x50,0x14,0x88,0x11,0x08,0x28,0x00,0x47,0xFC,0x00,0x00,0x00,0x00,0x00,0x00}},
  {0x8FD8,{0x27,0xFC,0x10,0x20,0x10,0x20,0x00,0x40,0x00,0xD0,0x71,0x48,0x12,0x44,0x14,0x44,0x10,0x40,0x10,0x40,0x10,0x40,0x28,0x00,0x47,0xFC,0x00,0x00,0x00,0x00,0x00,0x00}},
  {0x8FD9,{0x20,0x40,0x10,0x40,0x17,0xFC,0x00,0x10,0x00,0x10,0x71,0x20,0x10,0xA0,0x10,0x40,0x10,0xA0,0x11,0x10,0x12,0x08,0x28,0x00,0x47,0xFC,0x00,0x00,0x00,0x00,0x00,0x00}},
  {0x8FDB,{0x21,0x10,0x11,0x10,0x17,0xFC,0x01,0x10,0x01,0x10,0x71,0x10,0x17,0xFC,0x11,0x10,0x11,0x10,0x11,0x10,0x12,0x10,0x28,0x00,0x47,0xFC,0x00,0x00,0x00,0x00,0x00,0x00}},
  {0x8FDE,{0x20,0x80,0x17,0xF8,0x11,0x00,0x02,0x40,0x02,0x40,0x77,0xF8,0x10,0x40,0x10,0x40,0x17,0xFC,0x10,0x40,0x10,0x40,0x28,0x40,0x47,0xFC,0x00,0x00,0x00,0x00,0x00,0x00}},
  {0x8FDF,{0x23,0xF8,0x12,0x08,0x12,0x08,0x02,0x08,0x03,0xF8,0x72,0x00,0x12,0x40,0x12,0x20,0x12,0x10,0x14,0x08,0x10,0x08,0x28,0x00,0x47,0xFC,0x00,0x00,0x00,0x00,0x00,0x00}},
  {0x8FFD,{0x20,0x80,0x17,0xF8,0x14,0x08,0x04,0x08,0x07,0xF8,0x74,0x00,0x14,0x00,0x17,0xFC,0x14,0x04,0x14,0x04,0x17,0xFC,0x28,0x00,0x47,0xFC,0x00,0x00,0x00,0x00,0x00,0x00}},
  {0x9000,{0x23,0xF0,0x12,0x10,0x13,0xF0,0x02,0x10,0x03,0xF0,0x72,0x88,0x12,0x50,0x12,0x20,0x12,0x90,0x13,0x08,0x12,0x08,0x28,0x00,0x47,0xFC,0x00,0x00,0x00,0x00,0x00,0x00}},
  {0x9001,{0x21,0x10,0x10,0x00,0x13,0xF8,0x00,0x40,0x00,0x40,0x77,0xFC,0x10,0x40,0x10,0xA0,0x10,0x90,0x11,0x08,0x12,0x08,0x28,0x00,0x47,0xFC,0x00,0x00,0x00,0x00,0x00,0x00}},
  {0x9002,{0x23,0xC0,0x10,0x40,0x10,0x40,0x07,0xFC,0x00,0x40,0x70,0x40,0x13,0xF8,0x12,0x08,0x12,0x08,0x13,0xF8,0x10,0x00,0x28,0x00,0x47,0xFC,0x00,0x00,0x00,0x00,0x00,0x00}},
  {0x9009,{0x22,0x40,0x12,0x40,0x13,0xF8,0x04,0x40,0x00,0x40,0x77,0xFC,0x10,0xA0,0x10,0xA0,0x11,0x20,0x12,0x24,0x14,0x1C,0x28,0x00,0x47,0xFC,0x00,0x00,0x00,0x00,0x00,0x00}},
  {0x901A,{0x10,0x90,0x10,0x60,0x03,0xF8,0x02,0x48,0x72,0x48,0x13,0xF8,0x12,0x48,0x12,0x48,0x13,0xF8,0x12,0x48,0x12,0x58,0x28,0x00,0x47,0xFC,0x00,0x00,0x00,0x00,0x00,0x00}},
  {0x901F,{0x20,0x40,0x17,0xFC,0x10,0x40,0x03,0xF8,0x02,0x48,0x72,0x48,0x13,0xF8,0x10,0xE0,0x11,0x50,0x12,0x48,0x14,0x44,0x28,0x40,0x47,0xFC,0x00,0x00,0x00,0x00,0x00,0x00}},
  {0x9020,{0x22,0x40,0x13,0xF8,0x14,0x40,0x00,0x40,0x07,0xFC,0x70,0x00,0x10,0x00,0x13,0xF8,0x12,0x08,0x12,0x08,0x13,0xF8,0x28,0x00,0x47,0xFC,0x00,0x00,0x00,0x00,0x00,0x00}},
  {0x903B,{0x17,0xFC,0x14,0xA4,0x04,0xA4,0x07,0xFC,0x70,0x80,0x11,0xF8,0x12,0x88,0x14,0x50,0x10,0x20,0x10,0xC0,0x13,0x00,0x28,0x00,0x47,0xFC,0x00,0x00,0x00,0x00,0x00,0x00}},
  {0x9053,{0x21,0x10,0x10,0x00,0x17,0xFC,0x01,0x00,0x03,0xF8,0x72,0x08,0x13,0xF8,0x12,0x08,0x13,0xF8,0x12,0x08,0x13,0xF8,0x28,0x00,0x47,0xFC,0x00,0x00,0x00,0x00,0x00,0x00}},
  {0x907F,{0x17,0x90,0x14,0xFC,0x04,0x80,0x07,0xA8,0x74,0x10,0x14,0x7C,0x17,0x90,0x16,0xB8,0x1A,0x90,0x13,0x90,0x10,0x10,0x28,0x00,0x47,0xFC,0x00,0x00,0x00,0x00,0x00,0x00}},
  {0x90E8,{0x08,0x3C,0x3F,0x24,0x00,0x24,0x21,0x24,0x12,0x28,0x7F,0xA8,0x00,0x24,0x00,0x24,0x3F,0x24,0x21,0x24,0x21,0x38,0x3F,0x20,0x21,0x20,0x00,0x00,0x00,0x00,0x00,0x00}},
  {0x90F4,{0x11,0x3C,0x11,0x24,0x7B,0xA4,0x11,0x24,0x11,0x28,0x39,0x28,0x35,0xA4,0x53,0x64,0x15,0x24,0x11,0x24,0x11,0x38,0x11,0x20,0x11,0x20,0x00,0x00,0x00,0x00,0x00,0x00}},
  {0x90FD,{0x09,0x3C,0x3D,0x24,0x0A,0x24,0x0A,0x24,0x7F,0xA8,0x08,0x28,0x10,0x24,0x3F,0x24,0x51,0x24,0x1F,0x24,0x11,0x38,0x1F,0x20,0x11,0x20,0x00,0x00,0x00,0x00,0x00,0x00}},
  {0x914D,{0x7F,0x78,0x14,0x08,0x14,0x08,0x7F,0x08,0x55,0x08,0x55,0x78,0x63,0x40,0x41,0x40,0x7F,0x40,0x41,0x40,0x41,0x44,0x7F,0x44,0x41,0x3C,0x00,0x00,0x00,0x00,0x00,0x00}},
  {0x91C7,{0x3F,0x80,0x02,0x10,0x11,0x10,0x08,0x20,0x01,0x00,0x01,0x00,0x7F,0xFC,0x03,0x80,0x05,0x40,0x09,0x20,0x11,0x10,0x61,0x0C,0x01,0x00,0x00,0x00,0x00,0x00,0x00,0x00}},
  {0x91CC,{0x21,0x08,0x21,0x08,0x3F,0xF8,0x21,0x08,0x21,0x08,0x3F,0xF8,0x01,0x00,0x01,0x00,0x3F,0xF8,0x01,0x00,0x01,0x00,0x01,0x00,0x7F,0xFC,0x00,0x00,0x00,0x00,0x00,0x00}},
  {0x91CD,{0x3F,0x00,0x01,0x00,0x7F,0xFC,0x01,0x00,0x1F,0xF0,0x11,0x10,0x1F,0xF0,0x11,0x10,0x1F,0xF0,0x01,0x00,0x3F,0xF8,0x01,0x00,0x7F,0xFC,0x00,0x00,0x00,0x00,0x00,0x00}},
  {0x91CF,{0x12,0x10,0x11,0x10,0x1F,0xF0,0x00,0x00,0x7F,0xFC,0x11,0x10,0x1F,0xF0,0x11,0x10,0x1F,0xF0,0x01,0x00,0x3F,0xF8,0x01,0x00,0x7F,0xFC,0x00,0x00,0x00,0x00,0x00,0x00}},
  {0x9225,{0x08,0x20,0x14,0x20,0x22,0xA4,0x5C,0xA4,0x08,0xA4,0x09,0x28,0x3E,0x20,0x08,0x50,0x2A,0x50,0x1C,0x50,0x0E,0x88,0x70,0x88,0x01,0x04,0x00,0x00,0x00,0x00,0x00,0x00}},
  {0x9286,{0x13,0xFC,0x28,0x20,0x44,0x40,0x39,0xFC,0x11,0x04,0x11,0x04,0x7D,0x04,0x11,0xFC,0x55,0x04,0x39,0x04,0x1D,0x04,0x71,0xFC,0x01,0x04,0x00,0x00,0x00,0x00,0x00,0x00}},
  {0x934F,{0x10,0xF8,0x28,0x48,0x45,0xFC,0x38,0x00,0x10,0xF8,0x10,0x88,0x7C,0xF8,0x10,0x20,0x54,0xF8,0x39,0x20,0x1D,0xFC,0x70,0x20,0x00,0x20,0x00,0x00,0x00,0x00,0x00,0x00}},
  {0x9350,{0x11,0x24,0x29,0x54,0x45,0x04,0x39,0xFC,0x10,0x50,0x10,0x88,0x7D,0x44,0x10,0x78,0x54,0x88,0x39,0x50,0x1C,0x20,0x70,0x50,0x01,0x8C,0x00,0x00,0x00,0x00,0x00,0x00}},
  {0x9351,{0x11,0xFC,0x2A,0x00,0x45,0xF8,0x39,0x08,0x11,0xF8,0x11,0x08,0x7D,0xF8,0x10,0x80,0x55,0xF8,0x3B,0x08,0x1C,0x90,0x70,0x60,0x03,0x9C,0x00,0x00,0x00,0x00,0x00,0x00}},
  {0x9352,{0x11,0xF8,0x28,0x50,0x40,0x20,0x3B,0xFC,0x10,0xA4,0x11,0x28,0x7A,0x60,0x10,0x40,0x5B,0xFC,0x30,0xE0,0x19,0x50,0x76,0x4C,0x00,0x40,0x00,0x00,0x00,0x00,0x00,0x00}},
  {0x9356,{0x10,0x88,0x29,0xFC,0x44,0x88,0x38,0xF8,0x10,0x88,0x10,0xF8,0x7C,0x88,0x13,0xFC,0x55,0x00,0x39,0x48,0x1D,0x84,0x71,0x00,0x01,0xFC,0x00,0x00,0x00,0x00,0x00,0x00}},
  {0x9357,{0x10,0x20,0x29,0xFC,0x44,0x88,0x38,0x50,0x11,0xFC,0x11,0x04,0x7C,0x20,0x11,0xFC,0x55,0x24,0x39,0x24,0x1D,0x24,0x71,0x2C,0x00,0x20,0x00,0x00,0x00,0x00,0x00,0x00}},
  {0x9359,{0x09,0xF8,0x40,0x90,0x24,0x90,0x0B,0xFC,0x11,0x10,0x23,0x08,0x06,0xC4,0x18,0x30,0x6F,0xEC,0x01,0x00,0x1F,0xF0,0x09,0x20,0x7F,0xFC,0x00,0x00,0x00,0x00,0x00,0x00}},
  {0x935A,{0x11,0xF8,0x29,0x08,0x45,0xF8,0x39,0x08,0x11,0xF8,0x10,0x00,0x7D,0xFC,0x10,0x80,0x55,0xFC,0x3A,0x54,0x1C,0xA4,0x71,0x44,0x00,0x98,0x00,0x00,0x00,0x00,0x00,0x00}},
  {0x935B,{0x13,0x38,0x2A,0x28,0x42,0x28,0x3B,0xA8,0x12,0x44,0x12,0x00,0x7B,0xB8,0x12,0x28,0x5A,0x28,0x33,0x90,0x1E,0x10,0x72,0x28,0x02,0x44,0x00,0x00,0x00,0x00,0x00,0x00}},
  {0x9365,{0x10,0xBC,0x29,0xD4,0x44,0x94,0x39,0xD4,0x10,0x94,0x11,0xD4,0x7C,0xAC,0x10,0x20,0x55,0xFC,0x38,0x20,0x1C,0x50,0x70,0x88,0x03,0x04,0x00,0x00,0x00,0x00,0x00,0x00}},
  {0x9366,{0x22,0x40,0x50,0x7C,0x0F,0x40,0x74,0x90,0x24,0x54,0x27,0x5C,0x75,0x74,0x25,0xD4,0x35,0x5C,0x65,0x50,0x39,0x44,0x6B,0x44,0x10,0x3C,0x00,0x00,0x00,0x00,0x00,0x00}},
  {0x9367,{0x10,0x80,0x28,0xFC,0x45,0x24,0x3A,0xF4,0x10,0x04,0x11,0xF4,0x7C,0x04,0x11,0xF4,0x54,0x04,0x39,0xF4,0x1D,0x14,0x71,0xF4,0x00,0x0C,0x00,0x00,0x00,0x00,0x00,0x00}},
  {0x93AC,{0x11,0xFC,0x28,0x00,0x44,0xF8,0x38,0x88,0x10,0xF8,0x10,0x00,0x7D,0xFC,0x11,0x04,0x55,0x74,0x39,0x54,0x1D,0x74,0x71,0x04,0x01,0x1C,0x00,0x00,0x00,0x00,0x00,0x00}},
  {0x93AD,{0x11,0x88,0x28,0xF8,0x40,0x00,0x38,0xF8,0x10,0x88,0x12,0xF8,0x7A,0x88,0x12,0xF8,0x5A,0x88,0x32,0xF8,0x1A,0x00,0x73,0xFC,0x00,0x88,0x00,0x00,0x00,0x00,0x00,0x00}},
  {0x93B4,{0x10,0x40,0x29,0xF8,0x45,0x08,0x39,0xF8,0x11,0x08,0x11,0xF8,0x7D,0x08,0x11,0xF8,0x54,0x40,0x38,0x28,0x1E,0xA4,0x72,0x94,0x04,0x70,0x00,0x00,0x00,0x00,0x00,0x00}},
  {0x93B5,{0x10,0x20,0x29,0xFC,0x45,0x04,0x38,0x00,0x11,0xFC,0x10,0x40,0x7C,0xA4,0x11,0x68,0x54,0xB0,0x39,0x68,0x1C,0xA8,0x73,0x24,0x00,0x60,0x00,0x00,0x00,0x00,0x00,0x00}},
  {0x93B8,{0x11,0xF8,0x2B,0x20,0x43,0xF8,0x3D,0x20,0x11,0xF8,0x11,0x20,0x79,0xFC,0x11,0x00,0x5B,0xF8,0x30,0x90,0x18,0xBC,0x71,0x04,0x02,0x18,0x00,0x00,0x00,0x00,0x00,0x00}},
  {0x93BA,{0x12,0x78,0x2A,0x48,0x47,0x48,0x39,0x48,0x12,0x78,0x16,0x48,0x7B,0x48,0x12,0xC8,0x5A,0x78,0x32,0x48,0x1A,0x48,0x72,0x48,0x02,0xFC,0x00,0x00,0x00,0x00,0x00,0x00}},
  {0x93BE,{0x11,0x10,0x29,0x10,0x41,0xF0,0x39,0x10,0x11,0x10,0x11,0xF0,0x78,0x00,0x13,0xF8,0x5A,0xA8,0x32,0xA8,0x1A,0xA8,0x72,0xA8,0x07,0xFC,0x00,0x00,0x00,0x00,0x00,0x00}},
  {0x93C0,{0x10,0x3C,0x28,0x20,0x45,0xFC,0x39,0x24,0x11,0x8C,0x11,0x54,0x7D,0x24,0x11,0xAC,0x55,0x54,0x39,0x8C,0x1D,0x24,0x71,0xFC,0x01,0x04,0x00,0x00,0x00,0x00,0x00,0x00}},
  {0x93C1,{0x12,0x48,0x29,0x24,0x45,0xFC,0x39,0x24,0x11,0xFC,0x11,0x24,0x7D,0xFC,0x10,0x20,0x55,0xFC,0x38,0x70,0x1C,0xA8,0x73,0x24,0x00,0x20,0x00,0x00,0x00,0x00,0x00,0x00}},
  {0x93C2,{0x17,0xFC,0x2C,0x00,0x44,0xF8,0x3C,0x88,0x14,0x88,0x14,0xF8,0x7C,0x00,0x15,0xDC,0x5D,0x54,0x35,0x54,0x1D,0xDC,0x74,0x00,0x07,0xFC,0x00,0x00,0x00,0x00,0x00,0x00}},
  {0x93C3,{0x11,0x20,0x28,0x3C,0x47,0xA0,0x3A,0x40,0x12,0x20,0x13,0xB8,0x7A,0xD0,0x12,0x90,0x5A,0xFC,0x32,0x90,0x1A,0xA8,0x75,0xA8,0x08,0x44,0x00,0x00,0x00,0x00,0x00,0x00}},
  {0x93C4,{0x13,0xFC,0x28,0x40,0x43,0xF8,0x3A,0x48,0x13,0xF8,0x12,0x48,0x7B,0xF8,0x10,0x44,0x5B,0xFC,0x30,0x10,0x1B,0xFC,0x71,0x10,0x00,0xB0,0x00,0x00,0x00,0x00,0x00,0x00}},
  {0x93C6,{0x11,0x48,0x2B,0xFC,0x45,0x48,0x39,0xF8,0x10,0x00,0x11,0xF8,0x7D,0x08,0x11,0xF8,0x55,0x08,0x39,0xF8,0x1D,0x08,0x71,0xF8,0x00,0x90,0x00,0x00,0x00,0x00,0x00,0x00}},
  {0x93C7,{0x22,0x40,0x50,0x7C,0x0F,0x40,0x74,0x80,0x24,0x7C,0x27,0x14,0x75,0x10,0x25,0x5C,0x35,0x50,0x65,0x50,0x35,0x50,0x65,0x50,0x0B,0xBC,0x00,0x00,0x00,0x00,0x00,0x00}},
  {0x93C8,{0x12,0x20,0x2A,0xFC,0x40,0x20,0x38,0xF8,0x16,0xA8,0x12,0xF8,0x7A,0xA8,0x12,0xF8,0x5A,0x20,0x32,0xFC,0x1A,0x20,0x72,0x20,0x05,0xFC,0x00,0x00,0x00,0x00,0x00,0x00}},
  {0x93C9,{0x21,0x10,0x57,0xD0,0x01,0x1C,0x77,0xE4,0x25,0x40,0x25,0x50,0x77,0xD0,0x21,0x10,0x33,0x90,0x65,0x68,0x39,0x28,0x61,0x28,0x01,0x44,0x00,0x00,0x00,0x00,0x00,0x00}},
  {0x93CD,{0x11,0xFC,0x29,0x24,0x45,0xFC,0x39,0x24,0x11,0xFC,0x10,0x40,0x7C,0x88,0x10,0xF0,0x54,0x44,0x39,0xFC,0x1C,0x20,0x70,0xA8,0x01,0x64,0x00,0x00,0x00,0x00,0x00,0x00}},
  {0x941C,{0x7F,0x40,0x22,0x7C,0x3E,0x88,0x00,0x50,0x3E,0x20,0x05,0x50,0x7E,0xC8,0x18,0x30,0x7F,0xEC,0x01,0x00,0x1F,0xF0,0x09,0x20,0x7F,0xFC,0x00,0x00,0x00,0x00,0x00,0x00}},
  {0x941E,{0x10,0x08,0x29,0xF8,0x40,0x08,0x3B,0xF8,0x10,0x00,0x13,0xBC,0x79,0x24,0x17,0xBC,0x58,0x10,0x33,0xFC,0x19,0x10,0x70,0x90,0x00,0x30,0x00,0x00,0x00,0x00,0x00,0x00}},
  {0x9422,{0x79,0x3C,0x12,0x90,0x3A,0xB8,0x55,0x54,0x12,0x90,0x01,0x00,0x06,0xC0,0x18,0x30,0x6F,0xEC,0x01,0x00,0x1F,0xF0,0x09,0x20,0x7F,0xFC,0x00,0x00,0x00,0x00,0x00,0x00}},
  {0x9423,{0x17,0xFC,0x2C,0x04,0x41,0xF0,0x39,0x10,0x11,0xF0,0x10,0x08,0x7B,0xF0,0x10,0x40,0x5B,0xF8,0x30,0x40,0x1B,0xFC,0x70,0x40,0x00,0xC0,0x00,0x00,0x00,0x00,0x00,0x00}},
  {0x9428,{0x13,0xF8,0x28,0xA8,0x43,0xF8,0x3A,0xA0,0x13,0xFC,0x11,0x24,0x7A,0x2C,0x17,0xF8,0x5B,0x28,0x32,0x98,0x1B,0xF8,0x71,0x10,0x02,0x08,0x00,0x00,0x00,0x00,0x00,0x00}},
  {0x9429,{0x12,0x50,0x2A,0x00,0x40,0xFC,0x38,0x20,0x16,0x44,0x12,0xA8,0x7A,0x50,0x12,0xB8,0x5A,0x54,0x32,0x94,0x1A,0x30,0x75,0x00,0x08,0xFC,0x00,0x00,0x00,0x00,0x00,0x00}},
  {0x942E,{0x13,0xFC,0x2A,0x50,0x43,0xFC,0x3A,0xA0,0x13,0xF8,0x12,0xA8,0x7B,0xFC,0x12,0xA8,0x5B,0xF8,0x32,0xA0,0x1A,0xB0,0x75,0xAC,0x00,0xA0,0x00,0x00,0x00,0x00,0x00,0x00}},
  {0x9470,{0x10,0x50,0x28,0x88,0x45,0x74,0x38,0x00,0x11,0xFC,0x11,0x54,0x7D,0xFC,0x10,0x00,0x55,0xFC,0x39,0x54,0x1D,0xFC,0x71,0x54,0x01,0x0C,0x00,0x00,0x00,0x00,0x00,0x00}},
  {0x9471,{0x11,0xF0,0x2A,0x20,0x47,0xF8,0x3A,0x08,0x13,0xF8,0x11,0x00,0x79,0xF0,0x12,0x10,0x5F,0xF8,0x32,0x48,0x1B,0xF8,0x70,0xA4,0x07,0x1C,0x00,0x00,0x00,0x00,0x00,0x00}},
  {0x9473,{0x17,0xFC,0x2D,0x14,0x43,0xF8,0x39,0x10,0x13,0xFC,0x11,0x10,0x7B,0xF8,0x15,0x14,0x59,0xF0,0x30,0x40,0x19,0x70,0x72,0xC0,0x04,0x7C,0x00,0x00,0x00,0x00,0x00,0x00}},
  {0x9477,{0x11,0x10,0x29,0xF0,0x41,0x18,0x3B,0xF0,0x10,0x10,0x17,0xFC,0x7A,0xA8,0x13,0xB8,0x5A,0xA8,0x33,0xB8,0x1A,0xEC,0x77,0xB8,0x00,0x88,0x00,0x00,0x00,0x00,0x00,0x00}},
  {0x949F,{0x10,0x20,0x1C,0x20,0x21,0xFC,0x41,0x24,0x3D,0x24,0x11,0x24,0x11,0x24,0x7D,0xFC,0x11,0x24,0x10,0x20,0x14,0x20,0x18,0x20,0x10,0x20,0x00,0x00,0x00,0x00,0x00,0x00}},
  {0x94D4,{0x13,0xFC,0x1C,0x90,0x20,0x90,0x40,0x90,0x3C,0x90,0x12,0x94,0x11,0x94,0x7D,0x98,0x10,0x90,0x10,0x90,0x14,0x90,0x18,0x90,0x17,0xFC,0x00,0x00,0x00,0x00,0x00,0x00}},
  {0x94FE,{0x22,0x20,0x32,0xFC,0x40,0x40,0x00,0x90,0x76,0x90,0x22,0xFC,0x22,0x10,0x72,0x10,0x22,0xFC,0x22,0x10,0x32,0x10,0x25,0x10,0x08,0xFC,0x00,0x00,0x00,0x00,0x00,0x00}},
  {0x9501,{0x11,0x24,0x1C,0xA8,0x20,0x20,0x41,0xFC,0x3D,0x04,0x11,0x24,0x11,0x24,0x7D,0x24,0x11,0x24,0x11,0x24,0x14,0x50,0x18,0x88,0x13,0x04,0x00,0x00,0x00,0x00,0x00,0x00}},
  {0x9519,{0x10,0x90,0x1D,0xF8,0x20,0x90,0x40,0x90,0x3D,0xFC,0x10,0x00,0x11,0xF8,0x7D,0x08,0x11,0x08,0x11,0xF8,0x15,0x08,0x19,0x08,0x11,0xF8,0x00,0x00,0x00,0x00,0x00,0x00}},
  {0x951B,{0x10,0x40,0x1B,0xFC,0x20,0xA0,0x41,0x10,0x3A,0x48,0x15,0xF4,0x10,0x40,0x79,0x10,0x17,0xFC,0x11,0x10,0x19,0x10,0x12,0x10,0x04,0x10,0x00,0x00,0x00,0x00,0x00,0x00}},
  {0x952E,{0x10,0x20,0x1B,0x78,0x21,0x28,0x41,0xFC,0x3A,0x28,0x13,0x78,0x11,0x20,0x79,0x78,0x11,0x20,0x15,0x7C,0x1A,0x20,0x15,0xA0,0x08,0x7C,0x00,0x00,0x00,0x00,0x00,0x00}},
  {0x957F,{0x08,0x20,0x08,0x40,0x08,0x80,0x09,0x00,0x08,0x00,0x7F,0xFC,0x09,0x00,0x08,0x80,0x08,0x40,0x08,0x20,0x0A,0x10,0x0C,0x0C,0x08,0x00,0x00,0x00,0x00,0x00,0x00,0x00}},
  {0x95AB,{0x22,0x44,0x3E,0x7C,0x22,0x44,0x3E,0x7C,0x20,0x04,0x2F,0xF4,0x29,0x14,0x2F,0xF4,0x2B,0x94,0x2D,0x54,0x29,0x34,0x2F,0xF4,0x20,0x0C,0x00,0x00,0x00,0x00,0x00,0x00}},
  {0x95AC,{0x22,0x44,0x3E,0x7C,0x22,0x44,0x3E,0x7C,0x21,0x04,0x27,0xE4,0x24,0x24,0x27,0xE4,0x24,0x24,0x27,0xE4,0x25,0x24,0x24,0xC4,0x26,0x4C,0x00,0x00,0x00,0x00,0x00,0x00}},
  {0x95B2,{0x22,0x44,0x3E,0x7C,0x22,0x44,0x3E,0x7C,0x22,0x44,0x27,0xE4,0x24,0x24,0x24,0x24,0x27,0xE4,0x22,0x44,0x22,0x44,0x24,0x54,0x28,0x3C,0x00,0x00,0x00,0x00,0x00,0x00}},
  {0x95BF,{0x22,0x44,0x3E,0x7C,0x22,0x44,0x3E,0x7C,0x2F,0x84,0x29,0x14,0x24,0xA4,0x2F,0xF4,0x28,0x14,0x27,0xE4,0x22,0x24,0x21,0xC4,0x26,0x2C,0x00,0x00,0x00,0x00,0x00,0x00}},
  {0x95C0,{0x22,0x44,0x3E,0x7C,0x22,0x44,0x3E,0x7C,0x27,0xE4,0x22,0x44,0x2F,0xE4,0x24,0x44,0x2F,0xE4,0x34,0x54,0x27,0xC4,0x24,0x24,0x23,0xEC,0x00,0x00,0x00,0x00,0x00,0x00}},
  {0x95C3,{0x44,0x44,0x7C,0x7C,0x47,0xC4,0x7C,0x7C,0x47,0xC4,0x44,0x44,0x47,0xC4,0x44,0x44,0x47,0xC4,0x41,0x24,0x4F,0xF4,0x42,0x84,0x4C,0x4C,0x00,0x00,0x00,0x00,0x00,0x00}},
  {0x95C4,{0x22,0x44,0x3E,0x7C,0x22,0x44,0x3F,0xFC,0x22,0x44,0x2F,0xF4,0x2A,0x54,0x2F,0xF4,0x21,0x04,0x2F,0xF4,0x22,0x44,0x21,0x84,0x26,0x6C,0x00,0x00,0x00,0x00,0x00,0x00}},
  {0x95C5,{0x44,0x44,0x7C,0x7C,0x47,0xC4,0x7D,0x7C,0x44,0xC4,0x47,0xC4,0x42,0x04,0x43,0xE4,0x42,0x04,0x4F,0xC4,0x44,0x44,0x43,0x84,0x4C,0x6C,0x00,0x00,0x00,0x00,0x00,0x00}},
  {0x95CA,{0x22,0x44,0x3E,0x7C,0x22,0x44,0x3E,0x7C,0x28,0x04,0x25,0xF4,0x30,0x44,0x2B,0xFC,0x20,0x44,0x25,0xF4,0x29,0x14,0x31,0xF4,0x20,0x0C,0x00,0x00,0x00,0x00,0x00,0x00}},
  {0x95EA,{0x0B,0xFC,0x00,0x04,0x20,0x04,0x21,0x04,0x21,0x04,0x21,0x04,0x22,0x84,0x24,0x44,0x28,0x24,0x20,0x04,0x20,0x04,0x20,0x04,0x20,0x0C,0x00,0x00,0x00,0x00,0x00,0x00}},
  {0x95ED,{0x17,0xFC,0x00,0x04,0x20,0x44,0x20,0x44,0x2F,0xF4,0x20,0xC4,0x21,0x44,0x22,0x44,0x24,0x44,0x28,0x44,0x21,0xC4,0x20,0x04,0x20,0x1C,0x00,0x00,0x00,0x00,0x00,0x00}},
  {0x95F4,{0x0B,0xFC,0x08,0x04,0x20,0x04,0x27,0xE4,0x24,0x24,0x24,0x24,0x27,0xE4,0x24,0x24,0x24,0x24,0x27,0xE4,0x20,0x04,0x20,0x04,0x20,0x1C,0x00,0x00,0x00,0x00,0x00,0x00}},
  {0x9608,{0x17,0xFC,0x00,0x94,0x20,0x84,0x2F,0xF4,0x20,0x84,0x2E,0xA4,0x2A,0xA4,0x2A,0xA4,0x2E,0xA4,0x20,0x44,0x23,0x54,0x2C,0xB4,0x21,0x1C,0x00,0x00,0x00,0x00,0x00,0x00}},
  {0x961F,{0x3C,0x40,0x24,0x40,0x24,0x40,0x28,0x40,0x28,0x40,0x24,0x40,0x24,0xA0,0x24,0xA0,0x24,0xA0,0x39,0x10,0x21,0x10,0x22,0x08,0x24,0x04,0x00,0x00,0x00,0x00,0x00,0x00}},
  {0x9636,{0x3C,0x40,0x24,0xA0,0x24,0x90,0x29,0x08,0x2A,0x04,0x24,0x90,0x24,0x90,0x24,0x90,0x24,0x90,0x38,0x90,0x21,0x10,0x21,0x10,0x22,0x10,0x00,0x00,0x00,0x00,0x00,0x00}},
  {0x963B,{0x7B,0xF8,0x4A,0x08,0x4A,0x08,0x52,0x08,0x53,0xF8,0x4A,0x08,0x4A,0x08,0x4A,0x08,0x4B,0xF8,0x72,0x08,0x42,0x08,0x42,0x08,0x47,0xFC,0x00,0x00,0x00,0x00,0x00,0x00}},
  {0x9644,{0x3C,0x88,0x25,0x08,0x25,0x08,0x2B,0x7C,0x2D,0x08,0x25,0x08,0x25,0x48,0x25,0x28,0x25,0x28,0x39,0x08,0x21,0x08,0x21,0x08,0x21,0x38,0x00,0x00,0x00,0x00,0x00,0x00}},
  {0x9645,{0x7B,0xF8,0x48,0x00,0x48,0x00,0x50,0x00,0x57,0xFC,0x48,0x40,0x49,0x50,0x49,0x48,0x4A,0x48,0x72,0x44,0x44,0x44,0x40,0x40,0x41,0xC0,0x00,0x00,0x00,0x00,0x00,0x00}},
  {0x9650,{0x3D,0xF8,0x25,0x08,0x25,0x08,0x29,0xF8,0x29,0x08,0x25,0x08,0x25,0xF8,0x25,0x24,0x25,0x28,0x39,0x10,0x21,0x50,0x21,0x88,0x21,0x04,0x00,0x00,0x00,0x00,0x00,0x00}},
  {0x9662,{0x78,0x20,0x4B,0xFC,0x4A,0x04,0x50,0x00,0x51,0xF8,0x48,0x00,0x48,0x00,0x4B,0xFC,0x48,0x90,0x70,0x90,0x41,0x10,0x42,0x14,0x44,0x0C,0x00,0x00,0x00,0x00,0x00,0x00}},
  {0x9669,{0x78,0x40,0x48,0xA0,0x49,0x10,0x52,0x08,0x55,0xF4,0x48,0x00,0x48,0x88,0x48,0x48,0x4A,0x48,0x71,0x10,0x41,0x10,0x40,0x20,0x47,0xFC,0x00,0x00,0x00,0x00,0x00,0x00}},
  {0x9694,{0x3D,0xFC,0x24,0x00,0x24,0xF8,0x28,0x88,0x28,0xF8,0x24,0x00,0x25,0xFC,0x25,0x54,0x25,0x24,0x39,0xFC,0x21,0x24,0x21,0x24,0x21,0x0C,0x00,0x00,0x00,0x00,0x00,0x00}},
  {0x969C,{0x7B,0xF8,0x49,0x10,0x4B,0xFC,0x50,0x00,0x53,0xF8,0x4A,0x08,0x4B,0xF8,0x4A,0x08,0x4B,0xF8,0x70,0x40,0x47,0xFC,0x40,0x40,0x40,0x40,0x00,0x00,0x00,0x00,0x00,0x00}},
  {0x96BE,{0x00,0x90,0x7D,0x00,0x05,0xFC,0x07,0x20,0x49,0x20,0x29,0xF8,0x11,0x20,0x19,0x20,0x29,0xF8,0x25,0x20,0x45,0x20,0x01,0xFC,0x01,0x00,0x00,0x00,0x00,0x00,0x00,0x00}},
  {0x96C6,{0x08,0x80,0x1F,0xFC,0x30,0x80,0x5F,0xF8,0x10,0x80,0x1F,0xF8,0x10,0x80,0x1F,0xFC,0x11,0x00,0x7F,0xFC,0x05,0x40,0x19,0x30,0x61,0x0C,0x00,0x00,0x00,0x00,0x00,0x00}},
  {0x9700,{0x01,0x00,0x7F,0xFC,0x41,0x04,0x5D,0x74,0x01,0x00,0x1D,0x70,0x00,0x00,0x7F,0xFC,0x02,0x00,0x3F,0xF8,0x24,0x88,0x24,0x88,0x20,0x38,0x00,0x00,0x00,0x00,0x00,0x00}},
  {0x9759,{0x7C,0xF0,0x11,0x10,0x7E,0x20,0x11,0xF8,0x7C,0x48,0x00,0x48,0x7D,0xFC,0x44,0x48,0x7C,0x48,0x45,0xF8,0x7C,0x48,0x44,0x40,0x4D,0xC0,0x00,0x00,0x00,0x00,0x00,0x00}},
  {0x975E,{0x04,0x40,0x7C,0x7C,0x04,0x40,0x04,0x40,0x04,0x40,0x3C,0x78,0x04,0x40,0x04,0x40,0x04,0x40,0x7C,0x7C,0x04,0x40,0x04,0x40,0x04,0x40,0x00,0x00,0x00,0x00,0x00,0x00}},
  {0x9760,{0x11,0x00,0x1F,0xF8,0x21,0x00,0x7F,0xFC,0x10,0x10,0x1F,0xF0,0x02,0x80,0x3E,0xF8,0x02,0x80,0x1E,0xF0,0x02,0x80,0x3E,0xF8,0x02,0x80,0x00,0x00,0x00,0x00,0x00,0x00}},
  {0x9762,{0x01,0x00,0x02,0x00,0x3F,0xF8,0x24,0x48,0x24,0x48,0x27,0xC8,0x24,0x48,0x24,0x48,0x27,0xC8,0x24,0x48,0x24,0x48,0x3F,0xF8,0x20,0x08,0x00,0x00,0x00,0x00,0x00,0x00}},
  {0x97F3,{0x01,0x00,0x3F,0xF8,0x08,0x20,0x04,0x40,0x7F,0xFC,0x00,0x00,0x1F,0xF0,0x10,0x10,0x10,0x10,0x1F,0xF0,0x10,0x10,0x10,0x10,0x1F,0xF0,0x00,0x00,0x00,0x00,0x00,0x00}},
  {0x9875,{0x7F,0xFC,0x01,0x00,0x02,0x00,0x3F,0xF8,0x20,0x08,0x21,0x08,0x21,0x08,0x21,0x08,0x21,0x08,0x22,0x08,0x04,0xE0,0x18,0x18,0x60,0x04,0x00,0x00,0x00,0x00,0x00,0x00}},
  {0x9879,{0x03,0xFC,0x78,0x40,0x10,0x80,0x13,0xF8,0x12,0x08,0x12,0x48,0x12,0x48,0x12,0x48,0x1A,0x88,0x60,0xA0,0x01,0x10,0x02,0x08,0x04,0x08,0x00,0x00,0x00,0x00,0x00,0x00}},
  {0x987A,{0x22,0xFC,0x2A,0x20,0x2A,0x40,0x2A,0xFC,0x2A,0x84,0x2A,0xA4,0x2A,0xA4,0x2A,0xA4,0x2A,0xA4,0x2A,0xA4,0x2A,0x50,0x22,0x88,0x43,0x04,0x00,0x00,0x00,0x00,0x00,0x00}},
  {0x987B,{0x0B,0xFC,0x10,0x40,0x20,0x80,0x4B,0xF8,0x0A,0x08,0x12,0x48,0x22,0x48,0x42,0x48,0x0A,0x88,0x10,0xA0,0x21,0x10,0x42,0x08,0x04,0x08,0x00,0x00,0x00,0x00,0x00,0x00}},
  {0x9884,{0x7D,0xFC,0x04,0x20,0x28,0x40,0x10,0xF8,0x7C,0x88,0x14,0xA8,0x10,0xA8,0x10,0xA8,0x10,0xA8,0x10,0xA8,0x10,0x50,0x10,0x88,0x71,0x08,0x00,0x00,0x00,0x00,0x00,0x00}},
  {0x9891,{0x09,0xFC,0x2E,0x20,0x28,0x40,0x28,0xF8,0x7E,0x88,0x00,0xA8,0x08,0xA8,0x2A,0xA8,0x4A,0xA8,0x04,0xA8,0x08,0x50,0x10,0x88,0x61,0x08,0x00,0x00,0x00,0x00,0x00,0x00}},
  {0x9898,{0x3E,0xF8,0x22,0x20,0x3E,0x40,0x22,0xF8,0x3E,0x88,0x00,0xA8,0x7E,0xA8,0x08,0xA8,0x28,0xA8,0x2E,0x50,0x28,0x48,0x58,0x88,0x47,0xFC,0x00,0x00,0x00,0x00,0x00,0x00}},
  {0x989C,{0x08,0x7C,0x3F,0x10,0x22,0x20,0x14,0x7C,0x3F,0x44,0x24,0x54,0x28,0x54,0x32,0x54,0x24,0x54,0x39,0x54,0x42,0x28,0x0C,0x44,0x30,0x84,0x00,0x00,0x00,0x00,0x00,0x00}},
  {0x989D,{0x08,0x7C,0x7F,0x10,0x41,0x20,0x10,0x7C,0x1E,0x44,0x32,0x54,0x4C,0x54,0x12,0x54,0x21,0x54,0x5E,0x54,0x12,0x28,0x1E,0x44,0x12,0x84,0x00,0x00,0x00,0x00,0x00,0x00}},
  {0x98CE,{0x20,0x10,0x20,0x50,0x28,0x50,0x24,0x90,0x22,0x90,0x21,0x10,0x21,0x10,0x22,0x90,0x22,0x90,0x24,0x54,0x28,0x54,0x20,0x0C,0x40,0x04,0x00,0x00,0x00,0x00,0x00,0x00}},
  {0x9996,{0x08,0x20,0x7F,0xFC,0x02,0x00,0x04,0x00,0x1F,0xF0,0x10,0x10,0x1F,0xF0,0x10,0x10,0x1F,0xF0,0x10,0x10,0x10,0x10,0x1F,0xF0,0x10,0x10,0x00,0x00,0x00,0x00,0x00,0x00}},
  {0x9A71,{0x7C,0xFC,0x04,0x80,0x24,0x80,0x24,0xC8,0x24,0xA8,0x24,0xA8,0x3E,0x90,0x02,0x90,0x02,0xA8,0x1A,0xA8,0x62,0xC8,0x02,0x80,0x0C,0xFC,0x00,0x00,0x00,0x00,0x00,0x00}},
  {0x9A8C,{0x70,0x40,0x10,0xA0,0x11,0x10,0x52,0x08,0x55,0xF4,0x50,0x00,0x78,0x88,0x08,0x48,0x1A,0x48,0x69,0x10,0x09,0x10,0x08,0x20,0x37,0xFC,0x00,0x00,0x00,0x00,0x00,0x00}},
  {0x9AA8,{0x10,0x10,0x1F,0x90,0x10,0x90,0x7F,0xFC,0x40,0x04,0x1F,0xF0,0x10,0x10,0x1F,0xF0,0x10,0x10,0x1F,0xF0,0x10,0x10,0x10,0x10,0x10,0x70,0x00,0x00,0x00,0x00,0x00,0x00}},
  {0x9AD8,{0x01,0x00,0x7F,0xFC,0x00,0x00,0x0F,0xE0,0x08,0x20,0x0F,0xE0,0x00,0x00,0x3F,0xF8,0x20,0x08,0x27,0xC8,0x24,0x48,0x27,0xC8,0x20,0x18,0x00,0x00,0x00,0x00,0x00,0x00}},
  {0x9E3F,{0x40,0x40,0x2E,0xF8,0x04,0x88,0x44,0xA8,0x24,0x88,0x04,0xB8,0x14,0x80,0x14,0xFC,0x26,0x04,0x2C,0xF4,0x40,0x04,0x40,0x04,0x00,0x18,0x00,0x00,0x00,0x00,0x00,0x00}},
  {0x9ED8,{0x7F,0x10,0x49,0x18,0x6B,0x14,0x5D,0x10,0x7F,0x7C,0x08,0x10,0x7F,0x10,0x08,0x10,0x0F,0x10,0x78,0x28,0x00,0x28,0x55,0x48,0x55,0x04,0x00,0x00,0x00,0x00,0x00,0x00}},
  {0x9F50,{0x7F,0xFC,0x08,0x20,0x04,0x40,0x03,0x80,0x0C,0x60,0x70,0x1C,0x08,0x20,0x08,0x20,0x08,0x20,0x08,0x20,0x08,0x20,0x10,0x20,0x20,0x20,0x00,0x00,0x00,0x00,0x00,0x00}},
  {0xFF01,{0x0C,0x00,0x0C,0x00,0x0C,0x00,0x0C,0x00,0x0C,0x00,0x0C,0x00,0x0C,0x00,0x0C,0x00,0x00,0x00,0x00,0x00,0x0C,0x00,0x0C,0x00,0x00,0x00,0x00,0x00,0x00,0x00,0x00,0x00}},
  {0xFF05,{0x12,0x04,0x12,0x08,0x12,0x10,0x12,0x20,0x12,0x40,0x0C,0x80,0x01,0x30,0x02,0x48,0x04,0x48,0x08,0x48,0x10,0x48,0x20,0x48,0x00,0x30,0x00,0x00,0x00,0x00,0x00,0x00}},
  {0xFF08,{0x00,0x10,0x00,0x20,0x00,0x40,0x00,0x40,0x00,0x80,0x00,0x80,0x00,0x80,0x00,0x80,0x00,0x40,0x00,0x40,0x00,0x20,0x00,0x10,0x00,0x00,0x00,0x00,0x00,0x00,0x00,0x00}},
  {0xFF09,{0x10,0x00,0x08,0x00,0x04,0x00,0x04,0x00,0x02,0x00,0x02,0x00,0x02,0x00,0x02,0x00,0x04,0x00,0x04,0x00,0x08,0x00,0x10,0x00,0x00,0x00,0x00,0x00,0x00,0x00,0x00,0x00}},
  {0xFF0C,{0x00,0x00,0x00,0x00,0x00,0x00,0x00,0x00,0x00,0x00,0x00,0x00,0x00,0x00,0x00,0x00,0x0C,0x00,0x0C,0x00,0x04,0x00,0x08,0x00,0x10,0x00,0x00,0x00,0x00,0x00,0x00,0x00}},
  {0xFF1A,{0x00,0x00,0x00,0x00,0x00,0x00,0x00,0x00,0x00,0x00,0x0C,0x00,0x0C,0x00,0x00,0x00,0x00,0x00,0x0C,0x00,0x0C,0x00,0x00,0x00,0x00,0x00,0x00,0x00,0x00,0x00,0x00,0x00}},
  {0xFF1F,{0x07,0x00,0x08,0x80,0x10,0xC0,0x18,0xC0,0x18,0xC0,0x01,0x80,0x03,0x00,0x03,0x00,0x03,0x00,0x00,0x00,0x03,0x00,0x03,0x00,0x00,0x00,0x00,0x00,0x00,0x00,0x00,0x00}},
};
const uint16_t g_font_zh16_count = 912;
const FontZh16Glyph *FontZh16_Find(uint16_t code)
{
    uint16_t i;
    for (i = 0U; i < g_font_zh16_count; ++i)
    {
        if (g_font_zh16[i].code == code) return &g_font_zh16[i];
    }
    return (const FontZh16Glyph *)0;
}
